SPACE GASS Text File - Version 1265

# Generated by SPACE GASS 14.20 (www.spacegass.com)

# 1. Blank lines are permitted anywhere in the file
# 2. Comment lines must begin with the # character
# 3. Continued lines must end with the & character
# 4. Items within a line must be separated by commas
# 5. Items that contain commas must be enclosed in quotes
# 6. The maximum line length is 1024 characters
# 7. The maximum total length of a set of continued lines is 4096 characters
# 8. You can use || as a carriage return in a block of text

UNITS LENGTH:m, SECTION:mm, STRENGTH:MPa, DENSITY:t/m^3, TEMP:Celsius, FORCE:kN, MOMENT:kNm, MASS:t, ACC:g's, TRANS:mm, STRESS:MPa

FILTERS
1,1,Rafters,1,"5,6,13-16,21,22",0,0,0,1
1,2,Rafters,1,,0,0,0,0
1,13,Rafters,1,,0,0,0,0
1,14,Rafters,1,,0,0,0,0
2,1,End Frame L,1,"1,3,7,9,11,18,20",0,0,0,1
2,2,End Frame L,1,,0,0,0,0
2,13,End Frame L,1,,0,0,0,0
2,14,End Frame L,1,,0,0,0,0
3,1,End Frame R,1,"2,4,8,10,12,17,19",0,0,0,1
3,2,End Frame R,1,,0,0,0,0
3,13,End Frame R,1,,0,0,0,0
3,14,End Frame R,1,,0,0,0,0
4,1,Beams,1,"11,12,17-20",0,0,0,1
4,2,Beams,1,,0,0,0,0
4,13,Beams,1,,0,0,0,0
4,14,Beams,1,,0,0,0,0
5,1,Front Frame,1,"1,2,5,9,10,13,16,21",0,0,0,1
5,2,Front Frame,1,,0,0,0,0
5,13,Front Frame,1,,0,0,0,0
5,14,Front Frame,1,,0,0,0,0
6,1,Back Frame,1,"3,4,6-8,14,15,22",0,0,0,1
6,2,Back Frame,1,,0,0,0,0
6,13,Back Frame,1,,0,0,0,0
6,14,Back Frame,1,,0,0,0,0
7,1,Posts,1,"1-4,7-10",0,0,0,1
7,2,Posts,1,,0,0,0,0
7,13,Posts,1,,0,0,0,0
7,14,Posts,1,,0,0,0,0
8,1,Strap Bracing,1,24-27,0,0,0,1
8,2,Strap Bracing,1,,0,0,0,0
8,13,Strap Bracing,1,,0,0,0,0
8,14,Strap Bracing,1,,0,0,0,0
NODES
         1,0.0            ,0.0            ,0.0            
         2,0.0            ,0.0            ,2.356          
         3,3.8            ,0.0            ,0.0            
         4,3.8            ,0.0            ,2.356          
         5,0.0            ,1.82           ,0.0            
         6,0.0            ,1.82           ,2.452          
         7,3.8            ,1.82           ,0.0            
         8,3.8            ,1.82           ,2.452          
         9,0.0            ,1.82           ,2.245          
        10,3.8            ,1.82           ,2.245          
        11,0.0            ,0.0            ,2.15           
        12,3.8            ,0.0            ,2.15           
        13,4.0            ,0.0            ,2.356          
        14,4.0            ,1.82           ,2.452          
        15,-0.2           ,1.82           ,2.452          
        16,-0.2           ,0.0            ,2.356          
        17,3.8            ,-0.38          ,2.13           
        18,0.0            ,-0.38          ,2.13           
        19,3.8            ,1.97           ,2.2527         
        20,0.0            ,1.97           ,2.2527         
        21,1.9            ,-0.0675        ,2.286          
        22,1.9            ,1.7525         ,2.382          
MEMBERS
         1,   0.000000    ,         0, X,N,         1,        11,         2,         1,FFFFFF,FFFFFF,   0.000000    ,   0.000000    ,   0.000000    ,   0.000000    ,   0.000000    
         2,   0.000000    ,         0, X,N,         3,        12,         2,         1,FFFFFF,FFFFFF,   0.000000    ,   0.000000    ,   0.000000    ,   0.000000    ,   0.000000    
         3,   0.000000    ,         0, X,N,         5,         9,         2,         1,FFFFFF,FFFFFF,   0.000000    ,   0.000000    ,   0.000000    ,   0.000000    ,   0.000000    
         4,   0.000000    ,         0, X,N,         7,        10,         2,         1,FFFFFF,FFFFFF,   0.000000    ,   0.000000    ,   0.000000    ,   0.000000    ,   0.000000    
         5,   0.000000    ,         0, Z,N,         2,        21,         1,         1,FFFFFF,FFFFFF,   0.000000    ,   0.000000    ,   0.000000    ,   0.000000    ,   0.000000    
         6,   0.000000    ,         0, Z,N,         6,        22,         1,         1,FFFFFF,FFFFFF,   0.000000    ,   0.000000    ,   0.000000    ,   0.000000    ,   0.000000    
         7,   0.000000    ,         0, X,N,         9,         6,         2,         1,FFFFFF,FFFFFF,   0.000000    ,   0.000000    ,   0.000000    ,   0.000000    ,   0.000000    
         8,   0.000000    ,         0, X,N,        10,         8,         2,         1,FFFFFF,FFFFFF,   0.000000    ,   0.000000    ,   0.000000    ,   0.000000    ,   0.000000    
         9,   0.000000    ,         0, X,N,        11,         2,         2,         1,FFFFFF,FFFFFF,   0.000000    ,   0.000000    ,   0.000000    ,   0.000000    ,   0.000000    
        10,   0.000000    ,         0, X,N,        12,         4,         2,         1,FFFFFF,FFFFFF,   0.000000    ,   0.000000    ,   0.000000    ,   0.000000    ,   0.000000    
        11,   180.0000    ,         0,  ,N,         9,        11,         1,         1,FFFRRF,FFFFRF,   0.000000    ,   0.000000    ,   0.000000    ,   0.000000    ,   0.000000    
        12,   180.0000    ,         0,  ,N,        10,        12,         1,         1,FFFRRF,FFFFRF,   0.000000    ,   0.000000    ,   0.000000    ,   0.000000    ,   0.000000    
        13,   0.000000    ,         0, Z,N,         4,        13,         1,         1,FFFFFF,FFFFFF,   0.000000    ,   0.000000    ,   0.000000    ,   0.000000    ,   0.000000    
        14,   0.000000    ,         0, Z,N,         8,        14,         1,         1,FFFFFF,FFFFFF,   0.000000    ,   0.000000    ,   0.000000    ,   0.000000    ,   0.000000    
        15,   0.000000    ,         0, Z,N,        15,         6,         1,         1,FFFFFF,FFFFFF,   0.000000    ,   0.000000    ,   0.000000    ,   0.000000    ,   0.000000    
        16,   0.000000    ,         0, Z,N,        16,         2,         1,         1,FFFFFF,FFFFFF,   0.000000    ,   0.000000    ,   0.000000    ,   0.000000    ,   0.000000    
        17,   180.0000    ,         0,  ,N,        12,        17,         1,         1,FFFFFF,FFFFFF,   0.000000    ,   0.000000    ,   0.000000    ,   0.000000    ,   0.000000    
        18,   180.0000    ,         0,  ,N,        11,        18,         1,         1,FFFFFF,FFFFFF,   0.000000    ,   0.000000    ,   0.000000    ,   0.000000    ,   0.000000    
        19,   180.0000    ,         0,  ,N,        19,        10,         1,         1,FFFFFF,FFFFFF,   0.000000    ,   0.000000    ,   0.000000    ,   0.000000    ,   0.000000    
        20,   180.0000    ,         0,  ,N,        20,         9,         1,         1,FFFFFF,FFFFFF,   0.000000    ,   0.000000    ,   0.000000    ,   0.000000    ,   0.000000    
        21,   0.000000    ,         0, Z,N,        21,         4,         1,         1,FFFFFF,FFFFFF,   0.000000    ,   0.000000    ,   0.000000    ,   0.000000    ,   0.000000    
        22,   0.000000    ,         0, Z,N,        22,         8,         1,         1,FFFFFF,FFFFFF,   0.000000    ,   0.000000    ,   0.000000    ,   0.000000    ,   0.000000    
        23,   0.000000    ,         0, Z,N,        21,        22,         1,         1,FFFFRR,FFFRRR,   0.000000    ,   0.000000    ,   0.000000    ,   0.000000    ,   0.000000    
        24,   0.000000    ,         0, Z,N,         8,        21,         3,         2,FFFFFF,FFFFFF,   0.000000    ,   0.000000    ,   0.000000    ,   0.000000    ,   0.000000    
        25,   0.000000    ,         0, Z,N,        21,         6,         3,         2,FFFFFF,FFFFFF,   0.000000    ,   0.000000    ,   0.000000    ,   0.000000    ,   0.000000    
        26,   0.000000    ,         0, Z,N,         2,        22,         3,         2,FFFFFF,FFFFFF,   0.000000    ,   0.000000    ,   0.000000    ,   0.000000    ,   0.000000    
        27,   0.000000    ,         0, Z,N,        22,         4,         3,         2,FFFFFF,FFFFFF,   0.000000    ,   0.000000    ,   0.000000    ,   0.000000    ,   0.000000    
RESTRAINTS
         1,FFFRRR,N,0,0,   0.000000    ,   0.000000    ,   0.000000    ,   0.000000    ,   0.000000    ,   0.000000    
         3,FFFRRR,N,0,0,   0.000000    ,   0.000000    ,   0.000000    ,   0.000000    ,   0.000000    ,   0.000000    
         5,FFFRRR,N,0,0,   0.000000    ,   0.000000    ,   0.000000    ,   0.000000    ,   0.000000    ,   0.000000    
         7,FFFRRR,N,0,0,   0.000000    ,   0.000000    ,   0.000000    ,   0.000000    ,   0.000000    ,   0.000000    
SECTIONS
         1,"140x45","AustTimb","S1",   6300.000    ,   3392135.    ,   1063125.    ,  0.1030000E+08,   0.000000    ,   0.000000    ,   0.000000    ,   1.000000    ,   1.000000    ,   1.000000    ,   1.000000    ,         1
         3,         0,   140.0000    ,   45.00000    ,   0.000000    ,   0.000000    ,   0.000000    ,   0.000000    ,   0.000000    ,   0.000000    ,   0.000000    ,   0.000000    ,   0.000000    ,   0.000000    ,   0.000000    ,   0.000000    ,   0.000000    ,   0.000000    ,   0.000000    ,   0.000000    ,   0.000000    ,   0.000000    
         0,         0,         0,         0,   0.000000    ,   0.000000    ,   0.000000    ,         0
   0.000000    ,   0.000000    ,   0.000000    ,
         2,"135x135","","S2",   18225.00    ,  0.4670038E+08,  0.2767922E+08,  0.2767922E+08,   0.000000    ,   0.000000    ,   0.000000    ,   1.000000    ,   1.000000    ,   1.000000    ,   1.000000    ,         1
         2,         0,   135.0000    ,   0.000000    ,   0.000000    ,   0.000000    ,   0.000000    ,   0.000000    ,   0.000000    ,   0.000000    ,   0.000000    ,   0.000000    ,   0.000000    ,   0.000000    ,   0.000000    ,   0.000000    ,   0.000000    ,   0.000000    ,   0.000000    ,   0.000000    ,   0.000000    ,   0.000000    
         0,         0,         0,         0,   0.000000    ,   0.000000    ,   0.000000    ,         0
   300.0000    ,   300.0000    ,   440.0000    ,   340.0000    ,   340.0000    ,   480.0000    ,
         3,"Strap Bracing","","S3",   30.00000    ,   13.96454    ,   1562.500    ,   3.600000    ,   0.000000    ,   0.000000    ,   0.000000    ,   1.000000    ,   1.000000    ,   1.000000    ,   1.000000    ,         1
         3,         0,   1.200000    ,   25.00000    ,   0.000000    ,   0.000000    ,   0.000000    ,   0.000000    ,   0.000000    ,   0.000000    ,   0.000000    ,   0.000000    ,   0.000000    ,   0.000000    ,   0.000000    ,   0.000000    ,   0.000000    ,   0.000000    ,   0.000000    ,   0.000000    ,   0.000000    ,   0.000000    
         0,         0,         0,         0,   0.000000    ,   0.000000    ,   0.000000    ,         0
   300.0000    ,   300.0000    ,   440.0000    ,   340.0000    ,   340.0000    ,   480.0000    ,
MATERIALS
         1,"F7 Mix Pinus S","AustTimb",   7900.000    ,  0.3700000    ,  0.5500000    ,   0.000000    ,   0.000000    
         2,"STEEL","Aust",   200000.0    ,  0.2500000    ,   7.850000    ,  0.1170000E-04,   0.000000    
OFFSETS
         5,G,   0.000000    , -0.6750000E-01, -0.7000000E-01,   0.000000    ,   0.000000    ,   0.000000    
         6,G,   0.000000    , -0.6750000E-01, -0.7000000E-01,   0.000000    ,   0.000000    ,   0.000000    
        11,G, -0.6750000E-01,   0.000000    ,   0.000000    , -0.6750000E-01,   0.000000    ,   0.000000    
        12,G,  0.6750000E-01,   0.000000    ,   0.000000    ,  0.6750000E-01,   0.000000    ,   0.000000    
        13,G,   0.000000    , -0.6750000E-01, -0.7000000E-01,   0.000000    , -0.6750000E-01, -0.7000000E-01
        14,G,   0.000000    , -0.6750000E-01, -0.7000000E-01,   0.000000    , -0.6750000E-01, -0.7000000E-01
        15,G,   0.000000    , -0.6750000E-01, -0.7000000E-01,   0.000000    , -0.6750000E-01, -0.7000000E-01
        16,G,   0.000000    , -0.6750000E-01, -0.7000000E-01,   0.000000    , -0.6750000E-01, -0.7000000E-01
        17,G,  0.6750000E-01,   0.000000    ,   0.000000    ,  0.6750000E-01,   0.000000    ,   0.000000    
        18,G, -0.6750000E-01,   0.000000    ,   0.000000    , -0.6750000E-01,   0.000000    ,   0.000000    
        19,G,  0.6750000E-01,   0.000000    ,   0.000000    ,  0.6750000E-01,   0.000000    ,   0.000000    
        20,G, -0.6750000E-01,   0.000000    ,   0.000000    , -0.6750000E-01,   0.000000    ,   0.000000    
        21,G,   0.000000    ,   0.000000    ,   0.000000    ,   0.000000    , -0.6750000E-01, -0.7000000E-01
        22,G,   0.000000    ,   0.000000    ,   0.000000    ,   0.000000    , -0.6750000E-01, -0.7000000E-01
        24,G,   0.000000    ,   0.000000    ,  0.7000000E-01,   0.000000    ,   0.000000    ,  0.7000000E-01
        25,G,   0.000000    ,   0.000000    ,  0.7000000E-01,   0.000000    ,   0.000000    ,  0.7000000E-01
        26,G,   0.000000    ,   0.000000    ,  0.7000000E-01,   0.000000    ,   0.000000    ,  0.7000000E-01
        27,G,   0.000000    ,   0.000000    ,  0.7000000E-01,   0.000000    ,   0.000000    ,  0.7000000E-01
MEMBFORCES
         1,         5,         1,A,%,   0.000000    ,   100.0000    ,   0.000000    ,   0.000000    ,   0.000000    ,   0.000000    , -0.6170000E-01, -0.6170000E-01,         1
         1,         6,         1,A,%,   0.000000    ,   100.0000    ,   0.000000    ,   0.000000    ,   0.000000    ,   0.000000    , -0.6170000E-01, -0.6170000E-01,         1
         1,        13,         1,A,%,   0.000000    ,   100.0000    ,   0.000000    ,   0.000000    ,   0.000000    ,   0.000000    , -0.6170000E-01, -0.6170000E-01,         1
         1,        14,         1,A,%,   0.000000    ,   100.0000    ,   0.000000    ,   0.000000    ,   0.000000    ,   0.000000    , -0.6170000E-01, -0.6170000E-01,         1
         1,        15,         1,A,%,   0.000000    ,   100.0000    ,   0.000000    ,   0.000000    ,   0.000000    ,   0.000000    , -0.6170000E-01, -0.6170000E-01,         1
         1,        16,         1,A,%,   0.000000    ,   100.0000    ,   0.000000    ,   0.000000    ,   0.000000    ,   0.000000    , -0.6170000E-01, -0.6170000E-01,         1
         1,        21,         1,A,%,   0.000000    ,   100.0000    ,   0.000000    ,   0.000000    ,   0.000000    ,   0.000000    , -0.6170000E-01, -0.6170000E-01,         1
         1,        22,         1,A,%,   0.000000    ,   100.0000    ,   0.000000    ,   0.000000    ,   0.000000    ,   0.000000    , -0.6170000E-01, -0.6170000E-01,         1
         2,         5,         1,A,%,   0.000000    ,   100.0000    ,   0.000000    ,   0.000000    ,   0.000000    ,   0.000000    , -0.2976000    , -0.2976000    ,         1
         2,         6,         1,A,%,   0.000000    ,   100.0000    ,   0.000000    ,   0.000000    ,   0.000000    ,   0.000000    , -0.2976000    , -0.2976000    ,         1
         2,        13,         1,A,%,   0.000000    ,   100.0000    ,   0.000000    ,   0.000000    ,   0.000000    ,   0.000000    , -0.2976000    , -0.2976000    ,         1
         2,        14,         1,A,%,   0.000000    ,   100.0000    ,   0.000000    ,   0.000000    ,   0.000000    ,   0.000000    , -0.2976000    , -0.2976000    ,         1
         2,        15,         1,A,%,   0.000000    ,   100.0000    ,   0.000000    ,   0.000000    ,   0.000000    ,   0.000000    , -0.2976000    , -0.2976000    ,         1
         2,        16,         1,A,%,   0.000000    ,   100.0000    ,   0.000000    ,   0.000000    ,   0.000000    ,   0.000000    , -0.2976000    , -0.2976000    ,         1
         2,        21,         1,A,%,   0.000000    ,   100.0000    ,   0.000000    ,   0.000000    ,   0.000000    ,   0.000000    , -0.2976000    , -0.2976000    ,         1
         2,        22,         1,A,%,   0.000000    ,   100.0000    ,   0.000000    ,   0.000000    ,   0.000000    ,   0.000000    , -0.2976000    , -0.2976000    ,         1
         5,         1,         1,A,%,   0.000000    ,   100.0000    ,   0.000000    ,   0.000000    ,  0.2486000    ,  0.2486000    ,   0.000000    ,   0.000000    ,         1
         5,         2,         1,A,%,   0.000000    ,   100.0000    ,   0.000000    ,   0.000000    ,  0.2486000    ,  0.2486000    ,   0.000000    ,   0.000000    ,         1
         5,         3,         1,A,%,   0.000000    ,   100.0000    ,   0.000000    ,   0.000000    ,  0.2486000    ,  0.2486000    ,   0.000000    ,   0.000000    ,         1
         5,         4,         1,A,%,   0.000000    ,   100.0000    ,   0.000000    ,   0.000000    ,  0.2486000    ,  0.2486000    ,   0.000000    ,   0.000000    ,         1
         5,         5,         1,A,%,   0.000000    ,   100.0000    ,   0.000000    ,   0.000000    , -0.4070000E-01, -0.4070000E-01,  0.7762000    ,  0.7762000    ,         1
         5,         5,         2,A,%,   0.000000    ,   100.0000    ,   0.000000    ,   0.000000    ,  0.2578000    ,  0.2578000    ,   0.000000    ,   0.000000    ,         1
         5,         5,         3,A,%,   0.000000    ,   100.0000    ,   0.000000    ,   0.000000    ,  0.9960000E-02,  0.9960000E-02,   0.000000    ,   0.000000    ,         1
         5,         6,         1,A,%,   0.000000    ,   100.0000    ,   0.000000    ,   0.000000    , -0.4070000E-01, -0.4070000E-01,  0.7762000    ,  0.7762000    ,         1
         5,         6,         2,A,%,   0.000000    ,   100.0000    ,   0.000000    ,   0.000000    ,  0.2578000    ,  0.2578000    ,   0.000000    ,   0.000000    ,         1
         5,         6,         3,A,%,   0.000000    ,   100.0000    ,   0.000000    ,   0.000000    ,  0.9960000E-02,  0.9960000E-02,   0.000000    ,   0.000000    ,         1
         5,         7,         1,A,%,   0.000000    ,   100.0000    ,   0.000000    ,   0.000000    ,  0.2486000    ,  0.2486000    ,   0.000000    ,   0.000000    ,         1
         5,         8,         1,A,%,   0.000000    ,   100.0000    ,   0.000000    ,   0.000000    ,  0.2486000    ,  0.2486000    ,   0.000000    ,   0.000000    ,         1
         5,         9,         1,A,%,   0.000000    ,   100.0000    ,   0.000000    ,   0.000000    ,  0.2486000    ,  0.2486000    ,   0.000000    ,   0.000000    ,         1
         5,        10,         1,A,%,   0.000000    ,   100.0000    ,   0.000000    ,   0.000000    ,  0.2486000    ,  0.2486000    ,   0.000000    ,   0.000000    ,         1
         5,        13,         1,A,%,   0.000000    ,   100.0000    ,   0.000000    ,   0.000000    , -0.4070000E-01, -0.4070000E-01,  0.7762000    ,  0.7762000    ,         1
         5,        13,         2,A,%,   0.000000    ,   100.0000    ,   0.000000    ,   0.000000    ,  0.2578000    ,  0.2578000    ,   0.000000    ,   0.000000    ,         1
         5,        13,         3,A,%,   0.000000    ,   100.0000    ,   0.000000    ,   0.000000    ,  0.9960000E-02,  0.9960000E-02,   0.000000    ,   0.000000    ,         1
         5,        14,         1,A,%,   0.000000    ,   100.0000    ,   0.000000    ,   0.000000    , -0.4070000E-01, -0.4070000E-01,  0.7762000    ,  0.7762000    ,         1
         5,        14,         2,A,%,   0.000000    ,   100.0000    ,   0.000000    ,   0.000000    ,  0.2578000    ,  0.2578000    ,   0.000000    ,   0.000000    ,         1
         5,        14,         3,A,%,   0.000000    ,   100.0000    ,   0.000000    ,   0.000000    ,  0.9960000E-02,  0.9960000E-02,   0.000000    ,   0.000000    ,         1
         5,        15,         1,A,%,   0.000000    ,   100.0000    ,   0.000000    ,   0.000000    , -0.4070000E-01, -0.4070000E-01,  0.7762000    ,  0.7762000    ,         1
         5,        15,         2,A,%,   0.000000    ,   100.0000    ,   0.000000    ,   0.000000    ,  0.2578000    ,  0.2578000    ,   0.000000    ,   0.000000    ,         1
         5,        15,         3,A,%,   0.000000    ,   100.0000    ,   0.000000    ,   0.000000    ,  0.9960000E-02,  0.9960000E-02,   0.000000    ,   0.000000    ,         1
         5,        16,         1,A,%,   0.000000    ,   100.0000    ,   0.000000    ,   0.000000    , -0.4070000E-01, -0.4070000E-01,  0.7762000    ,  0.7762000    ,         1
         5,        16,         2,A,%,   0.000000    ,   100.0000    ,   0.000000    ,   0.000000    ,  0.2578000    ,  0.2578000    ,   0.000000    ,   0.000000    ,         1
         5,        16,         3,A,%,   0.000000    ,   100.0000    ,   0.000000    ,   0.000000    ,  0.9960000E-02,  0.9960000E-02,   0.000000    ,   0.000000    ,         1
         5,        21,         1,A,%,   0.000000    ,   100.0000    ,   0.000000    ,   0.000000    , -0.4070000E-01, -0.4070000E-01,  0.7762000    ,  0.7762000    ,         1
         5,        21,         2,A,%,   0.000000    ,   100.0000    ,   0.000000    ,   0.000000    ,  0.2578000    ,  0.2578000    ,   0.000000    ,   0.000000    ,         1
         5,        21,         3,A,%,   0.000000    ,   100.0000    ,   0.000000    ,   0.000000    ,  0.9960000E-02,  0.9960000E-02,   0.000000    ,   0.000000    ,         1
         5,        22,         1,A,%,   0.000000    ,   100.0000    ,   0.000000    ,   0.000000    , -0.4070000E-01, -0.4070000E-01,  0.7762000    ,  0.7762000    ,         1
         5,        22,         2,A,%,   0.000000    ,   100.0000    ,   0.000000    ,   0.000000    ,  0.2578000    ,  0.2578000    ,   0.000000    ,   0.000000    ,         1
         5,        22,         3,A,%,   0.000000    ,   100.0000    ,   0.000000    ,   0.000000    ,  0.9960000E-02,  0.9960000E-02,   0.000000    ,   0.000000    ,         1
         6,         1,         1,A,%,   0.000000    ,   100.0000    ,   0.000000    ,   0.000000    ,  0.2486000    ,  0.2486000    ,   0.000000    ,   0.000000    ,         1
         6,         2,         1,A,%,   0.000000    ,   100.0000    ,   0.000000    ,   0.000000    ,  0.2486000    ,  0.2486000    ,   0.000000    ,   0.000000    ,         1
         6,         3,         1,A,%,   0.000000    ,   100.0000    ,   0.000000    ,   0.000000    ,  0.2486000    ,  0.2486000    ,   0.000000    ,   0.000000    ,         1
         6,         4,         1,A,%,   0.000000    ,   100.0000    ,   0.000000    ,   0.000000    ,  0.2486000    ,  0.2486000    ,   0.000000    ,   0.000000    ,         1
         6,         5,         1,A,%,   0.000000    ,   100.0000    ,   0.000000    ,   0.000000    ,  0.2400000E-01,  0.2400000E-01, -0.4577000    , -0.4577000    ,         1
         6,         5,         2,A,%,   0.000000    ,   100.0000    ,   0.000000    ,   0.000000    ,  0.2578000    ,  0.2578000    ,   0.000000    ,   0.000000    ,         1
         6,         5,         3,A,%,   0.000000    ,   100.0000    ,   0.000000    ,   0.000000    ,  0.9960000E-02,  0.9960000E-02,   0.000000    ,   0.000000    ,         1
         6,         6,         1,A,%,   0.000000    ,   100.0000    ,   0.000000    ,   0.000000    ,  0.2400000E-01,  0.2400000E-01, -0.4577000    , -0.4577000    ,         1
         6,         6,         2,A,%,   0.000000    ,   100.0000    ,   0.000000    ,   0.000000    ,  0.2578000    ,  0.2578000    ,   0.000000    ,   0.000000    ,         1
         6,         6,         3,A,%,   0.000000    ,   100.0000    ,   0.000000    ,   0.000000    ,  0.9960000E-02,  0.9960000E-02,   0.000000    ,   0.000000    ,         1
         6,         7,         1,A,%,   0.000000    ,   100.0000    ,   0.000000    ,   0.000000    ,  0.2486000    ,  0.2486000    ,   0.000000    ,   0.000000    ,         1
         6,         8,         1,A,%,   0.000000    ,   100.0000    ,   0.000000    ,   0.000000    ,  0.2486000    ,  0.2486000    ,   0.000000    ,   0.000000    ,         1
         6,         9,         1,A,%,   0.000000    ,   100.0000    ,   0.000000    ,   0.000000    ,  0.2486000    ,  0.2486000    ,   0.000000    ,   0.000000    ,         1
         6,        10,         1,A,%,   0.000000    ,   100.0000    ,   0.000000    ,   0.000000    ,  0.2486000    ,  0.2486000    ,   0.000000    ,   0.000000    ,         1
         6,        13,         1,A,%,   0.000000    ,   100.0000    ,   0.000000    ,   0.000000    ,  0.2400000E-01,  0.2400000E-01, -0.4577000    , -0.4577000    ,         1
         6,        13,         2,A,%,   0.000000    ,   100.0000    ,   0.000000    ,   0.000000    ,  0.2578000    ,  0.2578000    ,   0.000000    ,   0.000000    ,         1
         6,        13,         3,A,%,   0.000000    ,   100.0000    ,   0.000000    ,   0.000000    ,  0.9960000E-02,  0.9960000E-02,   0.000000    ,   0.000000    ,         1
         6,        14,         1,A,%,   0.000000    ,   100.0000    ,   0.000000    ,   0.000000    ,  0.2400000E-01,  0.2400000E-01, -0.4577000    , -0.4577000    ,         1
         6,        14,         2,A,%,   0.000000    ,   100.0000    ,   0.000000    ,   0.000000    ,  0.2578000    ,  0.2578000    ,   0.000000    ,   0.000000    ,         1
         6,        14,         3,A,%,   0.000000    ,   100.0000    ,   0.000000    ,   0.000000    ,  0.9960000E-02,  0.9960000E-02,   0.000000    ,   0.000000    ,         1
         6,        15,         1,A,%,   0.000000    ,   100.0000    ,   0.000000    ,   0.000000    ,  0.2400000E-01,  0.2400000E-01, -0.4577000    , -0.4577000    ,         1
         6,        15,         2,A,%,   0.000000    ,   100.0000    ,   0.000000    ,   0.000000    ,  0.2578000    ,  0.2578000    ,   0.000000    ,   0.000000    ,         1
         6,        15,         3,A,%,   0.000000    ,   100.0000    ,   0.000000    ,   0.000000    ,  0.9960000E-02,  0.9960000E-02,   0.000000    ,   0.000000    ,         1
         6,        16,         1,A,%,   0.000000    ,   100.0000    ,   0.000000    ,   0.000000    ,  0.2400000E-01,  0.2400000E-01, -0.4577000    , -0.4577000    ,         1
         6,        16,         2,A,%,   0.000000    ,   100.0000    ,   0.000000    ,   0.000000    ,  0.2578000    ,  0.2578000    ,   0.000000    ,   0.000000    ,         1
         6,        16,         3,A,%,   0.000000    ,   100.0000    ,   0.000000    ,   0.000000    ,  0.9960000E-02,  0.9960000E-02,   0.000000    ,   0.000000    ,         1
         6,        21,         1,A,%,   0.000000    ,   100.0000    ,   0.000000    ,   0.000000    ,  0.2400000E-01,  0.2400000E-01, -0.4577000    , -0.4577000    ,         1
         6,        21,         2,A,%,   0.000000    ,   100.0000    ,   0.000000    ,   0.000000    ,  0.2578000    ,  0.2578000    ,   0.000000    ,   0.000000    ,         1
         6,        21,         3,A,%,   0.000000    ,   100.0000    ,   0.000000    ,   0.000000    ,  0.9960000E-02,  0.9960000E-02,   0.000000    ,   0.000000    ,         1
         6,        22,         1,A,%,   0.000000    ,   100.0000    ,   0.000000    ,   0.000000    ,  0.2400000E-01,  0.2400000E-01, -0.4577000    , -0.4577000    ,         1
         6,        22,         2,A,%,   0.000000    ,   100.0000    ,   0.000000    ,   0.000000    ,  0.2578000    ,  0.2578000    ,   0.000000    ,   0.000000    ,         1
         6,        22,         3,A,%,   0.000000    ,   100.0000    ,   0.000000    ,   0.000000    ,  0.9960000E-02,  0.9960000E-02,   0.000000    ,   0.000000    ,         1
         7,         1,         1,A,%,   0.000000    ,   100.0000    ,  0.2486000    ,  0.2486000    ,   0.000000    ,   0.000000    ,   0.000000    ,   0.000000    ,         1
         7,         2,         1,A,%,   0.000000    ,   100.0000    ,  0.2486000    ,  0.2486000    ,   0.000000    ,   0.000000    ,   0.000000    ,   0.000000    ,         1
         7,         3,         1,A,%,   0.000000    ,   100.0000    ,  0.2486000    ,  0.2486000    ,   0.000000    ,   0.000000    ,   0.000000    ,   0.000000    ,         1
         7,         4,         1,A,%,   0.000000    ,   100.0000    ,  0.2486000    ,  0.2486000    ,   0.000000    ,   0.000000    ,   0.000000    ,   0.000000    ,         1
         7,         5,         1,A,%,   0.000000    ,   100.0000    ,   0.000000    ,   0.000000    , -0.2090000E-02, -0.2090000E-02,  0.3980000    ,  0.3980000    ,         1
         7,         6,         1,A,%,   0.000000    ,   100.0000    ,   0.000000    ,   0.000000    , -0.2090000E-02, -0.2090000E-02,  0.3980000    ,  0.3980000    ,         1
         7,         7,         1,A,%,   0.000000    ,   100.0000    ,  0.2486000    ,  0.2486000    ,   0.000000    ,   0.000000    ,   0.000000    ,   0.000000    ,         1
         7,         8,         1,A,%,   0.000000    ,   100.0000    ,  0.2486000    ,  0.2486000    ,   0.000000    ,   0.000000    ,   0.000000    ,   0.000000    ,         1
         7,         9,         1,A,%,   0.000000    ,   100.0000    ,  0.2486000    ,  0.2486000    ,   0.000000    ,   0.000000    ,   0.000000    ,   0.000000    ,         1
         7,        10,         1,A,%,   0.000000    ,   100.0000    ,  0.2486000    ,  0.2486000    ,   0.000000    ,   0.000000    ,   0.000000    ,   0.000000    ,         1
         7,        11,         1,A,%,   0.000000    ,   100.0000    ,  0.2578000    ,  0.2578000    ,   0.000000    ,   0.000000    ,   0.000000    ,   0.000000    ,         1
         7,        12,         1,A,%,   0.000000    ,   100.0000    ,  0.2578000    ,  0.2578000    ,   0.000000    ,   0.000000    ,   0.000000    ,   0.000000    ,         1
         7,        13,         1,A,%,   0.000000    ,   100.0000    ,   0.000000    ,   0.000000    , -0.2090000E-02, -0.2090000E-02,  0.3980000    ,  0.3980000    ,         1
         7,        14,         1,A,%,   0.000000    ,   100.0000    ,   0.000000    ,   0.000000    , -0.2090000E-02, -0.2090000E-02,  0.3980000    ,  0.3980000    ,         1
         7,        15,         1,A,%,   0.000000    ,   100.0000    ,   0.000000    ,   0.000000    , -0.2090000E-02, -0.2090000E-02,  0.3980000    ,  0.3980000    ,         1
         7,        16,         1,A,%,   0.000000    ,   100.0000    ,   0.000000    ,   0.000000    , -0.2090000E-02, -0.2090000E-02,  0.3980000    ,  0.3980000    ,         1
         7,        17,         1,A,%,   0.000000    ,   100.0000    ,  0.2578000    ,  0.2578000    ,   0.000000    ,   0.000000    ,   0.000000    ,   0.000000    ,         1
         7,        18,         1,A,%,   0.000000    ,   100.0000    ,  0.2578000    ,  0.2578000    ,   0.000000    ,   0.000000    ,   0.000000    ,   0.000000    ,         1
         7,        19,         1,A,%,   0.000000    ,   100.0000    ,  0.2578000    ,  0.2578000    ,   0.000000    ,   0.000000    ,   0.000000    ,   0.000000    ,         1
         7,        20,         1,A,%,   0.000000    ,   100.0000    ,  0.2578000    ,  0.2578000    ,   0.000000    ,   0.000000    ,   0.000000    ,   0.000000    ,         1
         7,        21,         1,A,%,   0.000000    ,   100.0000    ,   0.000000    ,   0.000000    , -0.2090000E-02, -0.2090000E-02,  0.3980000    ,  0.3980000    ,         1
         7,        22,         1,A,%,   0.000000    ,   100.0000    ,   0.000000    ,   0.000000    , -0.2090000E-02, -0.2090000E-02,  0.3980000    ,  0.3980000    ,         1
         8,         1,         1,A,%,   0.000000    ,   100.0000    ,  0.2486000    ,  0.2486000    ,   0.000000    ,   0.000000    ,   0.000000    ,   0.000000    ,         1
         8,         2,         1,A,%,   0.000000    ,   100.0000    ,  0.2486000    ,  0.2486000    ,   0.000000    ,   0.000000    ,   0.000000    ,   0.000000    ,         1
         8,         3,         1,A,%,   0.000000    ,   100.0000    ,  0.2486000    ,  0.2486000    ,   0.000000    ,   0.000000    ,   0.000000    ,   0.000000    ,         1
         8,         4,         1,A,%,   0.000000    ,   100.0000    ,  0.2486000    ,  0.2486000    ,   0.000000    ,   0.000000    ,   0.000000    ,   0.000000    ,         1
         8,         5,         1,A,%,   0.000000    ,   100.0000    ,  0.1993000E-01,  0.1993000E-01,  0.2090000E-01,  0.2090000E-01, -0.3980000    , -0.3980000    ,         1
         8,         6,         1,A,%,   0.000000    ,   100.0000    ,  0.1993000E-01,  0.1993000E-01,  0.2090000E-01,  0.2090000E-01, -0.3980000    , -0.3980000    ,         1
         8,         7,         1,A,%,   0.000000    ,   100.0000    ,  0.2486000    ,  0.2486000    ,   0.000000    ,   0.000000    ,   0.000000    ,   0.000000    ,         1
         8,         8,         1,A,%,   0.000000    ,   100.0000    ,  0.2486000    ,  0.2486000    ,   0.000000    ,   0.000000    ,   0.000000    ,   0.000000    ,         1
         8,         9,         1,A,%,   0.000000    ,   100.0000    ,  0.2486000    ,  0.2486000    ,   0.000000    ,   0.000000    ,   0.000000    ,   0.000000    ,         1
         8,        10,         1,A,%,   0.000000    ,   100.0000    ,  0.2486000    ,  0.2486000    ,   0.000000    ,   0.000000    ,   0.000000    ,   0.000000    ,         1
         8,        11,         1,A,%,   0.000000    ,   100.0000    ,  0.2578000    ,  0.2578000    ,   0.000000    ,   0.000000    ,   0.000000    ,   0.000000    ,         1
         8,        12,         1,A,%,   0.000000    ,   100.0000    ,  0.2578000    ,  0.2578000    ,   0.000000    ,   0.000000    ,   0.000000    ,   0.000000    ,         1
         8,        13,         1,A,%,   0.000000    ,   100.0000    ,  0.1993000E-01,  0.1993000E-01,  0.2090000E-01,  0.2090000E-01, -0.3980000    , -0.3980000    ,         1
         8,        14,         1,A,%,   0.000000    ,   100.0000    ,  0.1993000E-01,  0.1993000E-01,  0.2090000E-01,  0.2090000E-01, -0.3980000    , -0.3980000    ,         1
         8,        15,         1,A,%,   0.000000    ,   100.0000    ,  0.1993000E-01,  0.1993000E-01,  0.2090000E-01,  0.2090000E-01, -0.3980000    , -0.3980000    ,         1
         8,        16,         1,A,%,   0.000000    ,   100.0000    ,  0.1993000E-01,  0.1993000E-01,  0.2090000E-01,  0.2090000E-01, -0.3980000    , -0.3980000    ,         1
         8,        17,         1,A,%,   0.000000    ,   100.0000    ,  0.2578000    ,  0.2578000    ,   0.000000    ,   0.000000    ,   0.000000    ,   0.000000    ,         1
         8,        18,         1,A,%,   0.000000    ,   100.0000    ,  0.2578000    ,  0.2578000    ,   0.000000    ,   0.000000    ,   0.000000    ,   0.000000    ,         1
         8,        19,         1,A,%,   0.000000    ,   100.0000    ,  0.2578000    ,  0.2578000    ,   0.000000    ,   0.000000    ,   0.000000    ,   0.000000    ,         1
         8,        20,         1,A,%,   0.000000    ,   100.0000    ,  0.2578000    ,  0.2578000    ,   0.000000    ,   0.000000    ,   0.000000    ,   0.000000    ,         1
         8,        21,         1,A,%,   0.000000    ,   100.0000    ,  0.1993000E-01,  0.1993000E-01,  0.2090000E-01,  0.2090000E-01, -0.3980000    , -0.3980000    ,         1
         8,        22,         1,A,%,   0.000000    ,   100.0000    ,  0.1993000E-01,  0.1993000E-01,  0.2090000E-01,  0.2090000E-01, -0.3980000    , -0.3980000    ,         1
MEMBTORSION
         5,         5,         1,%,   0.000000    ,   100.0000    , -0.6975000E-03, -0.6975000E-03,         1
         5,         6,         1,%,   0.000000    ,   100.0000    , -0.6975000E-03, -0.6975000E-03,         1
         5,        13,         1,%,   0.000000    ,   100.0000    , -0.6975000E-03, -0.6975000E-03,         1
         5,        14,         1,%,   0.000000    ,   100.0000    , -0.6975000E-03, -0.6975000E-03,         1
         5,        15,         1,%,   0.000000    ,   100.0000    , -0.6975000E-03, -0.6975000E-03,         1
         5,        16,         1,%,   0.000000    ,   100.0000    , -0.6975000E-03, -0.6975000E-03,         1
         5,        21,         1,%,   0.000000    ,   100.0000    , -0.6975000E-03, -0.6975000E-03,         1
         5,        22,         1,%,   0.000000    ,   100.0000    , -0.6975000E-03, -0.6975000E-03,         1
         6,         5,         1,%,   0.000000    ,   100.0000    , -0.6975000E-03, -0.6975000E-03,         1
         6,         6,         1,%,   0.000000    ,   100.0000    , -0.6975000E-03, -0.6975000E-03,         1
         6,        13,         1,%,   0.000000    ,   100.0000    , -0.6975000E-03, -0.6975000E-03,         1
         6,        14,         1,%,   0.000000    ,   100.0000    , -0.6975000E-03, -0.6975000E-03,         1
         6,        15,         1,%,   0.000000    ,   100.0000    , -0.6975000E-03, -0.6975000E-03,         1
         6,        16,         1,%,   0.000000    ,   100.0000    , -0.6975000E-03, -0.6975000E-03,         1
         6,        21,         1,%,   0.000000    ,   100.0000    , -0.6975000E-03, -0.6975000E-03,         1
         6,        22,         1,%,   0.000000    ,   100.0000    , -0.6975000E-03, -0.6975000E-03,         1
SELFWEIGHT
         1,   0.000000    ,   0.000000    ,  -1.000000    ,         0
COMBINATIONS
        11,         1,   1.350000    
        12,         1,   1.200000    
        12,         2,   1.500000    
        13,         1,  0.8000000    
        13,         5,   1.000000    
        14,         1,   1.200000    
        14,         6,   1.000000    
        15,         1,  0.8000000    
        15,         7,   1.000000    
        16,         1,   1.200000    
        16,         8,   1.000000    
        21,         1,   1.000000    
        22,         1,   1.000000    
        22,         2,   1.000000    
        23,         5,  0.7000000    
        24,         1,   1.000000    
        24,         6,  0.7000000    
        25,         7,  0.7000000    
        26,         1,   1.000000    
        26,         8,  0.7000000    
TITLES
         1,"Dead Load"
         2,"Live Load"
         5,"Wind ULS 0 Up"
         6,"Wind ULS 0 Down"
         7,"Wind ULS 90 Up"
         8,"Wind ULS 90 DN"
        11,"ULS G"
        12,"ULS G+Q"
        13,"ULS G+W 0 Up"
        14,"ULS G+W 0 Down"
        15,"ULS G+W 90 Up"
        16,"ULS G+W 90 Down"
        21,"SLS G"
        22,"SLS G+Q"
        23,"SLS W 0 Up"
        24,"SLS G+W 0 Down"
        25,"SLS W 90 Up"
        26,"SLS G+W Down"
LOAD CASE GROUPS
         1,"ULS",    11,   -16
LOAD CATEGORIES
         1,"Datasheet loads","User","14.20.3513","DATaylor","Generated from a datasheet"
DISPLACEMENTS
        11,         2,  0.5056417E-01, -0.2000111    , -0.8710640E-02,  0.9449769E-04,  0.5625443E-03, -0.1464502E-03
        11,         4, -0.5056417E-01, -0.2000111    , -0.8710640E-02,  0.9449769E-04, -0.5625443E-03,  0.1464502E-03
        11,         6,  0.4352453E-01, -0.1929487    , -0.8277265E-02,  0.1066740E-03,  0.5908095E-03, -0.9676313E-05
        11,         8, -0.4352453E-01, -0.1929487    , -0.8277265E-02,  0.1066740E-03, -0.5908095E-03,  0.9676313E-05
        11,        13, -0.5041601E-01, -0.1707211    ,  0.1034807    ,  0.9449769E-04, -0.5604277E-03,  0.1464502E-03
        11,        14, -0.4337637E-01, -0.1910134    ,  0.1095672    ,  0.1066740E-03, -0.5886930E-03,  0.9676313E-05
        11,        15,  0.4337637E-01, -0.1910134    ,  0.1095672    ,  0.1066740E-03,  0.5886930E-03, -0.9676313E-05
        11,        16,  0.5041601E-01, -0.1707211    ,  0.1034807    ,  0.9449769E-04,  0.5604277E-03, -0.1464502E-03
        11,        21,  0.7226970E-13, -0.1160342    ,  -1.592072    ,  0.1453325E-03, -0.9173253E-17, -0.8243747E-16
        11,        22,  0.2558456E-12, -0.1126432    ,  -1.620560    , -0.3090796E-04, -0.3100055E-16, -0.1306559E-15
        12,         2,  0.2035976    , -0.7932810    , -0.2412338E-01,  0.4458323E-03,  0.2210738E-02, -0.6303399E-03
        12,         4, -0.2035976    , -0.7932810    , -0.2412338E-01,  0.4458323E-03, -0.2210738E-02,  0.6303399E-03
        12,         6,  0.1856031    , -0.7447656    , -0.2223606E-01,  0.3404036E-03,  0.2321040E-02, -0.2367374E-03
        12,         8, -0.1856031    , -0.7447656    , -0.2223606E-01,  0.3404036E-03, -0.2321040E-02,  0.2367374E-03
        12,        13, -0.2029539    , -0.6672130    ,  0.4166449    ,  0.4458323E-03, -0.2201542E-02,  0.6303399E-03
        12,        14, -0.1849594    , -0.6974181    ,  0.4405926    ,  0.3404036E-03, -0.2311844E-02,  0.2367374E-03
        12,        15,  0.1849594    , -0.6974181    ,  0.4405926    ,  0.3404036E-03,  0.2311844E-02, -0.2367374E-03
        12,        16,  0.2029539    , -0.6672130    ,  0.4166449    ,  0.4458323E-03,  0.2201542E-02, -0.6303399E-03
        12,        21,  0.3052915E-12, -0.4651503    ,  -6.065544    ,  0.1003391E-02, -0.3897999E-16, -0.3183048E-15
        12,        22,  0.1014552E-11, -0.4544857    ,  -6.169094    , -0.5185654E-03, -0.1229301E-15, -0.5082253E-15
        13,         2, -0.3951603    ,   31.78527    ,  0.5338100E-01, -0.8007186E-02, -0.2140810E-02,  0.3771483E-02
        13,         4,  0.3951603    ,   31.78527    ,  0.5338100E-01, -0.8007186E-02,  0.2140810E-02, -0.3771483E-02
        13,         6, -0.6061643    ,   31.68475    , -0.1042364E-01, -0.6944781E-02, -0.3323088E-02,  0.5271781E-02
        13,         8,  0.6061643    ,   31.68475    , -0.1042364E-01, -0.6944781E-02,  0.3323088E-02, -0.5271781E-02
        13,        13,  0.3919246    ,   31.03648    , -0.3731575    , -0.8008613E-02,  0.2129345E-02, -0.3735436E-02
        13,        14,  0.6029286    ,   30.63590    , -0.6734177    , -0.6946207E-02,  0.3311623E-02, -0.5235734E-02
        13,        15, -0.6029286    ,   30.63590    , -0.6734177    , -0.6946207E-02, -0.3311623E-02,  0.5235734E-02
        13,        16, -0.3919246    ,   31.03648    , -0.3731575    , -0.8008613E-02, -0.2129345E-02,  0.3735436E-02
        13,        21,  0.1272057E-10,   32.01946    ,   7.069113    , -0.6778878E-02, -0.1704638E-14,  0.1360438E-13
        13,        22, -0.1783647E-10,   31.94966    ,   8.190045    , -0.1176107E-02,  0.2192055E-14,  0.1843051E-13
        14,         2,  0.1366602E-01,   35.14452    ,  0.1072089E-01, -0.8284929E-02,  0.2860899E-02,  0.3190563E-02
        14,         4, -0.1366602E-01,   35.14452    ,  0.1072089E-01, -0.8284929E-02, -0.2860899E-02, -0.3190563E-02
        14,         6, -0.2834231    ,   35.16101    , -0.5943052E-01, -0.7376728E-02,  0.1702502E-02,  0.5915813E-02
        14,         8,  0.2834231    ,   35.16101    , -0.5943052E-01, -0.7376728E-02, -0.1702502E-02, -0.5915813E-02
        14,        13, -0.1613582E-01,   34.51345    ,  0.5813973    , -0.8286355E-02, -0.2851518E-02, -0.3144245E-02
        14,        14,  0.2809533    ,   33.98489    ,  0.2795663    , -0.7378154E-02, -0.1693120E-02, -0.5869495E-02
        14,        15, -0.2809533    ,   33.98489    ,  0.2795663    , -0.7378154E-02,  0.1693120E-02,  0.5869495E-02
        14,        16,  0.1613582E-01,   34.51345    ,  0.5813973    , -0.8286355E-02,  0.2851518E-02,  0.3144245E-02
        14,        21,  0.1551413E-10,   36.27928    ,  -6.301014    , -0.5041114E-02, -0.2074217E-14,  0.1509371E-13
        14,        22, -0.1840877E-10,   36.21796    ,  -5.181938    , -0.2297986E-02,  0.2266317E-14,  0.2027444E-13
        15,         2,   36.90316    ,  0.2051453    ,  0.2218663E-01,  0.3837055E-03,  0.8588070E-02,  0.1829911E-02
        15,         4,   37.12325    ,  0.3245543    , -0.3637103E-02, -0.8325463E-03,  0.1097867E-01,  0.1166206E-02
        15,         6,   37.08831    ,   1.019034    ,  0.1989225E-01, -0.1190014E-02,  0.7993235E-02,  0.8699186E-02
        15,         8,   37.29248    , -0.5561616    , -0.2820985E-02,  0.9523352E-03,  0.1048801E-01,  0.8386386E-02
        15,        13,   37.12290    ,  0.5577458    ,  -2.198581    , -0.8325463E-03,  0.1097340E-01,  0.1165874E-02
        15,        14,   37.29214    ,   1.121066    ,  -2.099633    ,  0.9523352E-03,  0.1048274E-01,  0.8386054E-02
        15,        15,   37.08866    , -0.7208533    ,   1.619329    , -0.1190014E-02,  0.7998502E-02,  0.8699518E-02
        15,        16,   36.90351    , -0.1608866    ,   1.740591    ,  0.3837055E-03,  0.8593338E-02,  0.1830243E-02
        15,        21,   36.46513    ,  0.8295891E-01,   3.204142    , -0.6699863E-03, -0.4531810E-02, -0.8510310E-03
        15,        22,   37.15567    ,  0.7858939E-01,   3.249808    ,  0.4116253E-03, -0.4174618E-02, -0.4715155E-02
        16,         2,   39.70869    ,  0.8484776    , -0.6859365E-02,  0.6333785E-03,  0.1254398E-01,  0.1425743E-02
        16,         4,   39.36477    ,   1.006122    , -0.3447672E-01, -0.6638595E-03,  0.8424683E-02,  0.2032060E-02
        16,         6,   39.84960    ,   1.798065    , -0.1020230E-01, -0.1192719E-02,  0.1199200E-01,  0.9495579E-02
        16,         8,   39.57243    ,  0.1432238    , -0.3455064E-01,  0.1082234E-02,  0.7812654E-02,  0.9094248E-02
        16,        13,   39.36515    ,   1.413032    ,  -1.720674    , -0.6638595E-03,  0.8433086E-02,  0.2035378E-02
        16,        14,   39.57280    ,   1.962571    ,  -1.598342    ,  0.1082234E-02,  0.7821057E-02,  0.9097565E-02
        16,        15,   39.84924    , -0.1005533    ,   2.386937    , -0.1192719E-02,  0.1198359E-01,  0.9492260E-02
        16,        16,   39.70834    ,  0.5638266    ,   2.500677    ,  0.6333785E-03,  0.1253558E-01,  0.1422425E-02
        16,        21,   38.95816    ,   1.284487    ,  -5.575634    ,  0.6754755E-03, -0.4859551E-02, -0.9619796E-03
        16,        22,   39.68364    ,   1.289903    ,  -5.598727    , -0.3862707E-03, -0.4477901E-02, -0.5110365E-02
         0,         0,   0.000000    ,   0.000000    ,   0.000000    ,   0.000000    ,   0.000000    ,   0.000000    
MEMBER FORCES AND MOMENTS
        11,         5,         2,  0.3407092E-01,  0.2711282    ,  0.3181041E-02, -0.2616720E-03, -0.3669351E-02, -0.1557640    ,   0.000000    
        11,         5,        21,  0.3407092E-01,  0.2570891E-01,  0.3181041E-02, -0.2616720E-03,  0.2374626E-02,  0.1262313    ,   0.000000                      
        11,         6,         6,  0.3967744E-01,  0.2713058    ,  0.1205337E-02,  0.7082029E-03, -0.1187843E-02, -0.1547222    ,   0.000000    
        11,         6,        22,  0.3967744E-01,  0.2588647E-01,  0.1205337E-02,  0.7082029E-03,  0.1102298E-02,  0.1276105    ,   0.000000                      
        11,        13,         4, -0.1776357E-14,  0.2583361E-01,  0.2933743E-16,  0.2764716E-16, -0.2410766E-15, -0.2583361E-02,   0.000000    
        11,        13,        13, -0.1776357E-14, -0.4597017E-15,  0.2775558E-16,  0.2764716E-16,  0.3663736E-16, -0.6342583E-17,   0.000000                      
        11,        14,         8, -0.2053913E-14,  0.2583361E-01, -0.1125988E-14,  0.1169854E-15, -0.9570675E-16, -0.2583361E-02,   0.000000    
        11,        14,        14, -0.2053913E-14, -0.4104356E-14, -0.1127570E-14,  0.1169854E-15, -0.1387724E-18, -0.4160626E-15,   0.000000                      
        11,        15,        15,  0.2775558E-15, -0.3013215E-14, -0.7806256E-16,  0.1588356E-15, -0.3122503E-17,  0.2733274E-15,   0.000000    
        11,        15,         6,  0.2775558E-15, -0.2583361E-01, -0.7964441E-16,  0.1588356E-15, -0.2010392E-15, -0.2583361E-02,   0.000000                      
        11,        16,        16,   0.000000    , -0.2216977E-14,  0.1110223E-15, -0.1058181E-15,  0.8326673E-16,  0.2851452E-15,   0.000000    
        11,        16,         2,   0.000000    , -0.2583361E-01,  0.1094404E-15, -0.1058181E-15, -0.1666916E-15, -0.2583361E-02,   0.000000                      
        11,        21,        21,  0.3407092E-01, -0.2570891E-01, -0.3181041E-02,  0.2616720E-03,  0.2374626E-02,  0.1262313    ,   0.000000    
        11,        21,         4,  0.3407092E-01, -0.2711282    , -0.3181041E-02,  0.2616720E-03, -0.3669351E-02, -0.1557640    ,   0.000000                      
        11,        22,        22,  0.3967744E-01, -0.2588647E-01, -0.1205337E-02, -0.7082029E-03,  0.1102298E-02,  0.1276105    ,   0.000000    
        11,        22,         8,  0.3967744E-01, -0.2713058    , -0.1205337E-02, -0.7082029E-03, -0.1187843E-02, -0.1547222    ,   0.000000                      
        12,         5,         2,  0.1649751    ,   1.089939    ,  0.1316183E-01, -0.2870031E-02, -0.1529007E-01, -0.6030992    ,   0.000000    
        12,         5,        21,  0.1649751    ,  0.2362845E-01,  0.1316183E-01, -0.2870031E-02,  0.9717411E-02,  0.4547898    ,   0.000000                      
        12,         6,         6,  0.1873058    ,   1.091045    ,  0.7219793E-02,  0.4421540E-02, -0.7905268E-02, -0.5994258    ,   0.000000    
        12,         6,        22,  0.1873058    ,  0.2473412E-01,  0.7219793E-02,  0.4421540E-02,  0.5812338E-02,  0.4605640    ,   0.000000                      
        12,        13,         4,   0.000000    ,  0.1122432    ,  0.6872915E-17,  0.1665335E-15, -0.1666022E-14, -0.1122432E-01,   0.000000    
        12,        13,        13,   0.000000    ,  0.8520962E-14,  0.5226974E-30,  0.1665335E-15,  0.4410380E-31,  0.7205608E-15,   0.000000                      
        12,        14,         8,  0.2664535E-14,  0.1122432    , -0.3656863E-14,  0.3521489E-15, -0.1818122E-14, -0.1122432E-01,   0.000000    
        12,        14,        14,  0.2664535E-14, -0.5953571E-14, -0.3663736E-14,  0.3521489E-15,  0.3752554E-15,  0.1886512E-16,   0.000000                      
        12,        15,        15, -0.8881784E-15, -0.1541822E-13, -0.4107825E-14,  0.6075869E-15,  0.5595524E-15,  0.1826447E-14,   0.000000    
        12,        15,         6, -0.8881784E-15, -0.1122432    , -0.4114698E-14,  0.6075869E-15, -0.7734025E-15, -0.1122432E-01,   0.000000                      
        12,        16,        16,  0.7105427E-14, -0.8576473E-14,  0.1110223E-14, -0.6578939E-15,  0.4085621E-15,  0.2774690E-14,   0.000000    
        12,        16,         2,  0.7105427E-14, -0.1122432    ,  0.1103350E-14, -0.6578939E-15,  0.1074009E-14, -0.1122432E-01,   0.000000                      
        12,        21,        21,  0.1649751    , -0.2362845E-01, -0.1316183E-01,  0.2870031E-02,  0.9717411E-02,  0.4547898    ,   0.000000    
        12,        21,         4,  0.1649751    ,  -1.089939    , -0.1316183E-01,  0.2870031E-02, -0.1529007E-01, -0.6030992    ,   0.000000                      
        12,        22,        22,  0.1873058    , -0.2473412E-01, -0.7219793E-02, -0.4421540E-02,  0.5812338E-02,  0.4605640    ,   0.000000    
        12,        22,         8,  0.1873058    ,  -1.091045    , -0.7219793E-02, -0.4421540E-02, -0.7905268E-02, -0.5994258    ,   0.000000                      
        13,         5,         2,  0.2428623    ,  -1.296957    ,  0.1747378    , -0.5660091E-02, -0.1271511E-01,  0.7194668    ,   0.000000    
        13,         5,        21,  0.2428623    ,  0.3238899E-01, -0.2566763    , -0.6985341E-02, -0.9055670E-01, -0.4818731    ,   0.000000                      
        13,         6,         6, -0.4637247    ,  -1.315932    ,  0.1531538    , -0.2903160E-01,  0.1442155E-01,  0.6868597    ,   0.000000    
        13,         6,        22, -0.4637247    ,  0.1341475E-01, -0.2782603    , -0.3035685E-01, -0.1044296    , -0.5505313    ,   0.000000                      
        13,        13,         4,  0.1421085E-13, -0.1399312    ,  0.4541200E-01,  0.1395000E-03, -0.4541200E-02,  0.1399312E-01,   0.000000    
        13,        13,        13,  0.1421085E-13,  0.2441103E-13, -0.8332918E-13,  0.7488178E-15, -0.5128710E-14,  0.2426878E-14,   0.000000                      
        13,        14,         8,   0.000000    , -0.1399312    ,  0.4541200E-01,  0.1395000E-03, -0.4541200E-02,  0.1399312E-01,   0.000000    
        13,        14,        14,   0.000000    ,  0.2081668E-14,  0.1969952E-13, -0.4854380E-15,  0.6488516E-14, -0.1232521E-14,   0.000000                      
        13,        15,        15,   0.000000    ,  0.4775347E-13, -0.3748390E-13,  0.3267880E-14,  0.4713027E-14, -0.1544685E-13,   0.000000    
        13,        15,         6,   0.000000    ,  0.1399312    , -0.4541200E-01, -0.1395000E-03, -0.4541200E-02,  0.1399312E-01,   0.000000                      
        13,        16,        16, -0.7105427E-14, -0.5984102E-13,  0.9396997E-13,  0.4873367E-14, -0.1123862E-13, -0.2621601E-14,   0.000000    
        13,        16,         2, -0.7105427E-14,  0.1399312    , -0.4541200E-01, -0.1395000E-03, -0.4541200E-02,  0.1399312E-01,   0.000000                      
        13,        21,        21,  0.2428623    , -0.3238899E-01,  0.2566763    ,  0.6985341E-02, -0.9055670E-01, -0.4818731    ,   0.000000    
        13,        21,         4,  0.2428623    ,   1.296957    , -0.1747378    ,  0.5660091E-02, -0.1271511E-01,  0.7194668    ,   0.000000                      
        13,        22,        22, -0.4637247    , -0.1341475E-01,  0.2782603    ,  0.3035685E-01, -0.1044296    , -0.5505313    ,   0.000000    
        13,        22,         8, -0.4637247    ,   1.315932    , -0.1531538    ,  0.2903160E-01,  0.1442155E-01,  0.6868597    ,   0.000000                      
        14,         5,         2,  0.7535202    ,   1.135123    ,  0.2578303    , -0.1603490E-01, -0.5529307E-01, -0.6113814    ,   0.000000    
        14,         5,        21,  0.7535202    ,  0.4734264E-01, -0.2965137    , -0.1736015E-01, -0.9204232E-01,  0.5119611    ,   0.000000                      
        14,         6,         6, -0.8594050E-01,   1.113762    ,  0.2177109    , -0.2548018E-01, -0.5133036E-02, -0.6406980    ,   0.000000    
        14,         6,        22, -0.8594050E-01,  0.2598122E-01, -0.3366331    , -0.2680543E-01, -0.1181092    ,  0.4420579    ,   0.000000                      
        14,        13,         4,   0.000000    ,  0.1145032    ,  0.5835200E-01,  0.1395000E-03, -0.5835200E-02, -0.1145032E-01,   0.000000    
        14,        13,        13,   0.000000    ,  0.1360231E-12,  0.2937234E-13,  0.5452087E-14, -0.8006941E-14,  0.1120523E-13,   0.000000                      
        14,        14,         8,   0.000000    ,  0.1145032    ,  0.5835200E-01,  0.1395000E-03, -0.5835200E-02, -0.1145032E-01,   0.000000    
        14,        14,        14,   0.000000    ,  0.5959122E-13, -0.9364037E-13,  0.5726173E-14, -0.1155966E-13,  0.5432070E-14,   0.000000                      
        14,        15,        15, -0.1421085E-13, -0.4540812E-13,  0.1367309E-13, -0.4809860E-14, -0.2605663E-14, -0.6218333E-14,   0.000000    
        14,        15,         6, -0.1421085E-13, -0.1145032    , -0.5835200E-01, -0.1395000E-03, -0.5835200E-02, -0.1145032E-01,   0.000000                      
        14,        16,        16,  0.7105427E-14, -0.1047773E-14,  0.1545639E-13,  0.2139443E-14,  0.3963843E-15, -0.8278751E-14,   0.000000    
        14,        16,         2,  0.7105427E-14, -0.1145032    , -0.5835200E-01, -0.1395000E-03, -0.5835200E-02, -0.1145032E-01,   0.000000                      
        14,        21,        21,  0.7535202    , -0.4734264E-01,  0.2965137    ,  0.1736015E-01, -0.9204232E-01,  0.5119611    ,   0.000000    
        14,        21,         4,  0.7535202    ,  -1.135123    , -0.2578303    ,  0.1603490E-01, -0.5529307E-01, -0.6113814    ,   0.000000                      
        14,        22,        22, -0.8594050E-01, -0.2598122E-01,  0.3366331    ,  0.2680543E-01, -0.1181092    ,  0.4420579    ,   0.000000    
        14,        22,         8, -0.8594050E-01,  -1.113762    , -0.2177109    ,  0.2548018E-01, -0.5133036E-02, -0.6406980    ,   0.000000                      
        15,         5,         2,  -1.037767    ,  -1.310623    , -0.1783976E-01,  0.5423875E-02,  0.2754102E-01,   1.613558    ,   0.000000    
        15,         5,        21,  -1.037767    , -0.6998563    , -0.1386876E-01,  0.5423875E-02, -0.2582071E-02, -0.2963967    ,   0.000000                      
        15,         6,         6,  -1.039530    ,  -1.270189    , -0.7019337E-01, -0.8244432E-02,  0.1247225    ,   1.534375    ,   0.000000    
        15,         6,        22,  -1.039530    , -0.6594227    , -0.6622236E-01, -0.8244432E-02, -0.4872486E-02, -0.2987566    ,   0.000000                      
        15,        13,         4, -0.1421085E-13, -0.6429119E-01, -0.4180000E-03,  0.1175275E-15,  0.4180000E-04,  0.6429120E-02,   0.000000    
        15,        13,        13, -0.1421085E-13,  0.1770806E-13,  0.4485480E-14,  0.1175275E-15,  0.5160910E-13, -0.1644691E-13,   0.000000                      
        15,        14,         8,  0.1705303E-12, -0.6429119E-01, -0.4180000E-03, -0.4206704E-16,  0.4180000E-04,  0.6429120E-02,   0.000000    
        15,        14,        14,  0.1705303E-12,  0.3675532E-13,  0.6039792E-14, -0.4206704E-16, -0.1003049E-12,  0.7952970E-13,   0.000000                      
        15,        15,        15,  0.7958079E-12,  0.3136380E-14, -0.4263218E-14,  0.2857957E-14,  0.9907334E-13, -0.5611418E-13,   0.000000    
        15,        15,         6,  0.7958079E-12,  0.6429119E-01,  0.4180000E-03,  0.2857957E-14,  0.4180000E-04,  0.6429120E-02,   0.000000                      
        15,        16,        16, -0.1406875E-11,  0.2695760E-13,  0.1509941E-14,  0.1428545E-14, -0.4578855E-13,  0.7835616E-13,   0.000000    
        15,        16,         2, -0.1406875E-11,  0.6429119E-01,  0.4180000E-03,  0.1428545E-14,  0.4180000E-04,  0.6429120E-02,   0.000000                      
        15,        21,        21,  0.8296877    , -0.7286069    , -0.3691428E-02,  0.8367772E-03, -0.6667544E-02, -0.1654895    ,   0.000000    
        15,        21,         4,  0.8296877    , -0.1178406    ,  0.2795719E-03,  0.8367772E-03, -0.9908807E-02, -0.9696146    ,   0.000000                      
        15,        22,        22,  0.8189524    , -0.6870205    , -0.6157967E-01, -0.2783302E-02, -0.6703504E-03, -0.1686862    ,   0.000000    
        15,        22,         8,  0.8189524    , -0.7625415E-01, -0.5760867E-01, -0.2783302E-02, -0.1138993    , -0.8937971    ,   0.000000                      
        16,         5,         2, -0.8388939    ,  0.2346035    ,  0.1913645E-01, -0.2166942E-03,  0.4949810E-02,  0.8310003    ,   0.000000    
        16,         5,        21, -0.8010269    , -0.7397470    , -0.2057355E-01, -0.2166942E-03,  0.3584556E-02,  0.3511140    ,   0.000000                      
        16,         6,         6, -0.8710526    ,  0.2779990    , -0.4759836E-01, -0.4151188E-02,  0.1223568    ,  0.7497904    ,   0.000000    
        16,         6,        22, -0.8331856    , -0.6963516    , -0.8730836E-01, -0.4151188E-02, -0.5804557E-02,  0.3523555    ,   0.000000                      
        16,        13,         4, -0.3986000E-02,  0.1025632    ,  0.4180000E-02, -0.2110725E-14, -0.4180000E-03, -0.1025632E-01,   0.000000    
        16,        13,        13,  0.1762162E-12, -0.2392531E-13, -0.8014422E-15, -0.2110725E-14, -0.1152279E-12, -0.1033570E-13,   0.000000                      
        16,        14,         8, -0.3986000E-02,  0.1025632    ,  0.4180000E-02, -0.3081303E-14, -0.4180000E-03, -0.1025632E-01,   0.000000    
        16,        14,        14, -0.3637962E-12, -0.3340384E-13,  0.3195361E-14, -0.3081303E-14, -0.1760327E-12,  0.1117357E-12,   0.000000                      
        16,        15,        15,  0.1699619E-11,  0.1739581E-13, -0.1421172E-14,  0.3517152E-15,  0.8584096E-13,  0.9810295E-14,   0.000000    
        16,        15,         6,  0.3986000E-02, -0.1025632    , -0.4180000E-02,  0.3517152E-15, -0.4180000E-03, -0.1025632E-01,   0.000000                      
        16,        16,        16,  0.6018302E-12,  0.1199041E-13, -0.1865261E-14,  0.2565222E-14,  0.5225005E-13,  0.2733404E-13,   0.000000    
        16,        16,         2,  0.3986000E-02, -0.1025632    , -0.4180000E-02,  0.2565222E-14, -0.4180000E-03, -0.1025632E-01,   0.000000                      
        16,        21,        21,   1.184637    , -0.7901893    ,  0.1446594E-03,  0.6894222E-02, -0.7973328E-03,  0.4903094    ,   0.000000    
        16,        21,         4,   1.222504    ,  -1.764540    , -0.3956534E-01,  0.6894222E-02, -0.3824698E-01,  -1.936683    ,   0.000000                      
        16,        22,        22,   1.139800    , -0.7455308    , -0.5149201E-01, -0.7559121E-02, -0.1297279E-02,  0.4904394    ,   0.000000    
        16,        22,         8,   1.177667    ,  -1.719881    , -0.9120201E-01, -0.7559121E-02, -0.1368566    ,  -1.851702    ,   0.000000                      
         0,         0,         0,   0.000000    ,   0.000000    ,   0.000000    ,   0.000000    ,   0.000000    ,   0.000000    ,   0.000000    
         0,         0,         0,   0.000000    ,   0.000000    ,   0.000000    ,   0.000000    ,   0.000000    ,   0.000000    ,   0.000000    
REACTIONS
        11,         0,   0.000000    , -0.1701900E-17,  -2.693448    ,  0.4010668E-01,   0.000000    ,  0.4362084E-27 
        11,         0, -0.1049855E-13, -0.3414630E-13,   2.693448    ,   0.000000    ,   0.000000    ,   0.000000     
        11,         0,  0.6342149E-14,  0.4283379E-13,  0.7494005E-14,  0.2111809E-14,  0.1098080E-14,  0.1133859E-14
        12,         0,  0.2985191E-32, -0.5498176E-18,  -6.143936    ,  0.1742576    ,   0.000000    , -0.8921955E-34 
        12,         0, -0.4241052E-13, -0.1322553E-12,   6.143936    ,   0.000000    ,   0.000000    ,   0.000000     
        12,         0,  0.2704781E-13,  0.1209727E-12,  0.2098668E-13,  0.7327472E-14,  0.4625640E-14,  0.3146788E-14
        13,         0,  0.5169879E-25,   4.297842    ,   4.923963    , -0.1499889    ,   0.000000    ,   0.000000     
        13,         0,  0.1008638E-12,  -4.297842    ,  -4.923963    ,   0.000000    ,   0.000000    ,   0.000000     
        13,         0,  0.1562242E-12,  0.5009618E-11,  0.1642887E-12,  0.2479961E-12,  0.1544685E-13,  0.1438849E-12
        14,         0,  0.5169879E-25,   4.841322    ,  -6.238856    ,  0.2658540    ,   0.000000    ,   0.000000     
        14,         0,  0.2095546E-13,  -4.841322    ,   6.238856    ,   0.000000    ,   0.000000    ,   0.000000     
        14,         0,  0.1278949E-12,  0.4393097E-11,  0.1360231E-12,  0.3209308E-12,  0.2086525E-13,  0.7730058E-13
        15,         0,   3.603848    , -0.1755600E-01,   1.747083    , -0.1004851    ,   0.000000    ,   0.000000     
        15,         0,  -3.603848    ,  0.1755600E-01,  -1.747083    ,   0.000000    ,   0.000000    ,   0.000000     
        15,         0,  0.3726575E-11,  0.2331468E-12,  0.3960721E-13,  0.6578071E-14,  0.3926633E-12,  0.1802026E-12
        16,         0,   3.771260    ,  0.1755600    ,  -5.737376    ,  0.1659592    , -0.6417460E-02,  0.6188265E-02 
        16,         0,  -3.771260    , -0.1755600    ,   5.737376    ,   0.000000    ,   0.000000    ,   0.000000     
        16,         0,  0.3583023E-11,  0.5115908E-12,  0.4200806E-13,  0.1443984E-13,  0.5033335E-12,  0.2417042E-12
         0,         0,   0.000000    ,   0.000000    ,   0.000000    ,   0.000000    ,   0.000000    ,   0.000000    
MEMBER INTERMEDIATE DISPLACEMENTS
        11,         5,         1,   0.000000    ,  0.1300675E-02, -0.1933963    , -0.1508923E-01,  0.1300675E-02, -0.1508923E-01,  0.1933963                      
        11,         5,         2,  0.1900000    ,  0.1170608E-02, -0.2137689    , -0.1528023    ,  0.1170607E-02, -0.1528023    ,  0.2137689                      
        11,         5,         3,  0.3800000    ,  0.1040540E-02, -0.2209673    , -0.3379728    ,  0.1040540E-02, -0.3379728    ,  0.2209673                      
        11,         5,         4,  0.5700000    ,  0.9104725E-03, -0.2175896    , -0.5508493    ,  0.9104721E-03, -0.5508493    ,  0.2175896                      
        11,         5,         5,  0.7600000    ,  0.7804050E-03, -0.2062336    , -0.7737490    ,  0.7804046E-03, -0.7737490    ,  0.2062336                      
        11,         5,         6,  0.9500000    ,  0.6503375E-03, -0.1894972    , -0.9910583    ,  0.6503371E-03, -0.9910583    ,  0.1894972                      
        11,         5,         7,   1.140000    ,  0.5202700E-03, -0.1699782    ,  -1.189232    ,  0.5202696E-03,  -1.189232    ,  0.1699782                      
        11,         5,         8,   1.330000    ,  0.3902025E-03, -0.1502745    ,  -1.356793    ,  0.3902021E-03,  -1.356793    ,  0.1502745                      
        11,         5,         9,   1.520000    ,  0.2601350E-03, -0.1329841    ,  -1.484335    ,  0.2601346E-03,  -1.484335    ,  0.1329841                      
        11,         5,        10,   1.710000    ,  0.1300675E-03, -0.1207047    ,  -1.564518    ,  0.1300671E-03,  -1.564518    ,  0.1207047                      
        11,         5,        11,   1.900000    ,  0.7227563E-13, -0.1160342    ,  -1.592072    , -0.4134555E-09,  -1.592072    ,  0.1160342                      
        11,         6,         1,   0.000000    ,  0.1514711E-02, -0.1854815    , -0.1547776E-01,  0.1514711E-02, -0.1547776E-01,  0.1854815                      
        11,         6,         2,  0.1900000    ,  0.1363240E-02, -0.1849312    , -0.1583276    ,  0.1363240E-02, -0.1583276    ,  0.1849312                      
        11,         6,         3,  0.3800000    ,  0.1211769E-02, -0.1802596    , -0.3481577    ,  0.1211769E-02, -0.3481577    ,  0.1802596                      
        11,         6,         4,  0.5700000    ,  0.1060298E-02, -0.1724510    , -0.5652018    ,  0.1060297E-02, -0.5652018    ,  0.1724510                      
        11,         6,         5,  0.7600000    ,  0.9088265E-03, -0.1624899    , -0.7917619    ,  0.9088262E-03, -0.7917619    ,  0.1624899                      
        11,         6,         6,  0.9500000    ,  0.7573556E-03, -0.1513605    ,  -1.012209    ,  0.7573552E-03,  -1.012209    ,  0.1513605                      
        11,         6,         7,   1.140000    ,  0.6058844E-03, -0.1400473    ,  -1.212984    ,  0.6058840E-03,  -1.212984    ,  0.1400473                      
        11,         6,         8,   1.330000    ,  0.4544134E-03, -0.1295345    ,  -1.382595    ,  0.4544130E-03,  -1.382595    ,  0.1295345                      
        11,         6,         9,   1.520000    ,  0.3029422E-03, -0.1208067    ,  -1.511619    ,  0.3029418E-03,  -1.511619    ,  0.1208067                      
        11,         6,        10,   1.710000    ,  0.1514711E-03, -0.1148482    ,  -1.592702    ,  0.1514706E-03,  -1.592702    ,  0.1148482                      
        11,         6,        11,   1.900000    ,  0.2558040E-12, -0.1126432    ,  -1.620560    , -0.4129533E-09,  -1.620560    ,  0.1126432                      
        11,        13,         1,   0.000000    , -0.1300675E-02, -0.1933963    , -0.1508923E-01, -0.1300675E-02, -0.1508923E-01,  0.1933963                      
        11,        13,         2,  0.2000000E-01, -0.1300675E-02, -0.1904673    , -0.3844285E-02, -0.1300675E-02, -0.3844285E-02,  0.1904673                      
        11,        13,         3,  0.4000000E-01, -0.1300676E-02, -0.1875383    ,  0.7390355E-02, -0.1300676E-02,  0.7390355E-02,  0.1875383                      
        11,        13,         4,  0.6000000E-01, -0.1300676E-02, -0.1846093    ,  0.1861685E-01, -0.1300676E-02,  0.1861685E-01,  0.1846093                      
        11,        13,         5,  0.8000000E-01, -0.1300677E-02, -0.1816803    ,  0.2983709E-01, -0.1300677E-02,  0.2983709E-01,  0.1816803                      
        11,        13,         6,  0.1000000    , -0.1300678E-02, -0.1787513    ,  0.4105275E-01, -0.1300678E-02,  0.4105275E-01,  0.1787513                      
        11,        13,         7,  0.1200000    , -0.1300678E-02, -0.1758223    ,  0.5226521E-01, -0.1300678E-02,  0.5226521E-01,  0.1758223                      
        11,        13,         8,  0.1400000    , -0.1300679E-02, -0.1728933    ,  0.6347562E-01, -0.1300679E-02,  0.6347562E-01,  0.1728933                      
        11,        13,         9,  0.1600000    , -0.1300679E-02, -0.1699643    ,  0.7468484E-01, -0.1300679E-02,  0.7468484E-01,  0.1699643                      
        11,        13,        10,  0.1800000    , -0.1300680E-02, -0.1670353    ,  0.8589356E-01, -0.1300680E-02,  0.8589356E-01,  0.1670353                      
        11,        13,        11,  0.2000000    , -0.1300680E-02, -0.1641063    ,  0.9710214E-01, -0.1300680E-02,  0.9710214E-01,  0.1641063                      
        11,        14,         1,   0.000000    , -0.1514711E-02, -0.1854815    , -0.1547776E-01, -0.1514711E-02, -0.1547776E-01,  0.1854815                      
        11,        14,         2,  0.2000000E-01, -0.1514711E-02, -0.1852880    , -0.3667511E-02, -0.1514711E-02, -0.3667511E-02,  0.1852880                      
        11,        14,         3,  0.4000000E-01, -0.1514710E-02, -0.1850944    ,  0.8132434E-02, -0.1514710E-02,  0.8132434E-02,  0.1850944                      
        11,        14,         4,  0.6000000E-01, -0.1514710E-02, -0.1849009    ,  0.1992423E-01, -0.1514710E-02,  0.1992423E-01,  0.1849009                      
        11,        14,         5,  0.8000000E-01, -0.1514710E-02, -0.1847074    ,  0.3170978E-01, -0.1514710E-02,  0.3170978E-01,  0.1847074                      
        11,        14,         6,  0.1000000    , -0.1514710E-02, -0.1845139    ,  0.4349074E-01, -0.1514710E-02,  0.4349074E-01,  0.1845139                      
        11,        14,         7,  0.1200000    , -0.1514710E-02, -0.1843203    ,  0.5526850E-01, -0.1514710E-02,  0.5526850E-01,  0.1843203                      
        11,        14,         8,  0.1400000    , -0.1514709E-02, -0.1841268    ,  0.6704421E-01, -0.1514709E-02,  0.6704421E-01,  0.1841268                      
        11,        14,         9,  0.1600000    , -0.1514709E-02, -0.1839333    ,  0.7881875E-01, -0.1514709E-02,  0.7881875E-01,  0.1839333                      
        11,        14,        10,  0.1800000    , -0.1514709E-02, -0.1837397    ,  0.9059277E-01, -0.1514709E-02,  0.9059277E-01,  0.1837397                      
        11,        14,        11,  0.2000000    , -0.1514709E-02, -0.1835462    ,  0.1023667    , -0.1514709E-02,  0.1023667    ,  0.1835462                      
        11,        15,         1,   0.000000    ,  0.1514709E-02, -0.1835462    ,  0.1023667    ,  0.1514709E-02,  0.1023667    ,  0.1835462                      
        11,        15,         2,  0.2000000E-01,  0.1514709E-02, -0.1837397    ,  0.9059278E-01,  0.1514709E-02,  0.9059278E-01,  0.1837397                      
        11,        15,         3,  0.4000000E-01,  0.1514709E-02, -0.1839333    ,  0.7881877E-01,  0.1514709E-02,  0.7881877E-01,  0.1839333                      
        11,        15,         4,  0.6000000E-01,  0.1514709E-02, -0.1841268    ,  0.6704421E-01,  0.1514709E-02,  0.6704421E-01,  0.1841268                      
        11,        15,         5,  0.8000000E-01,  0.1514710E-02, -0.1843203    ,  0.5526851E-01,  0.1514710E-02,  0.5526851E-01,  0.1843203                      
        11,        15,         6,  0.1000000    ,  0.1514710E-02, -0.1845139    ,  0.4349075E-01,  0.1514710E-02,  0.4349075E-01,  0.1845139                      
        11,        15,         7,  0.1200000    ,  0.1514710E-02, -0.1847074    ,  0.3170979E-01,  0.1514710E-02,  0.3170979E-01,  0.1847074                      
        11,        15,         8,  0.1400000    ,  0.1514710E-02, -0.1849009    ,  0.1992423E-01,  0.1514710E-02,  0.1992423E-01,  0.1849009                      
        11,        15,         9,  0.1600000    ,  0.1514710E-02, -0.1850944    ,  0.8132440E-02,  0.1514710E-02,  0.8132440E-02,  0.1850944                      
        11,        15,        10,  0.1800000    ,  0.1514711E-02, -0.1852880    , -0.3667505E-02,  0.1514711E-02, -0.3667505E-02,  0.1852880                      
        11,        15,        11,  0.2000000    ,  0.1514711E-02, -0.1854815    , -0.1547776E-01,  0.1514711E-02, -0.1547776E-01,  0.1854815                      
        11,        16,         1,   0.000000    ,  0.1300680E-02, -0.1641063    ,  0.9710214E-01,  0.1300680E-02,  0.9710214E-01,  0.1641063                      
        11,        16,         2,  0.2000000E-01,  0.1300680E-02, -0.1670353    ,  0.8589357E-01,  0.1300680E-02,  0.8589357E-01,  0.1670353                      
        11,        16,         3,  0.4000000E-01,  0.1300679E-02, -0.1699643    ,  0.7468487E-01,  0.1300679E-02,  0.7468487E-01,  0.1699643                      
        11,        16,         4,  0.6000000E-01,  0.1300679E-02, -0.1728933    ,  0.6347562E-01,  0.1300679E-02,  0.6347562E-01,  0.1728933                      
        11,        16,         5,  0.8000000E-01,  0.1300678E-02, -0.1758223    ,  0.5226522E-01,  0.1300678E-02,  0.5226522E-01,  0.1758223                      
        11,        16,         6,  0.1000000    ,  0.1300678E-02, -0.1787513    ,  0.4105276E-01,  0.1300678E-02,  0.4105276E-01,  0.1787513                      
        11,        16,         7,  0.1200000    ,  0.1300677E-02, -0.1816803    ,  0.2983710E-01,  0.1300677E-02,  0.2983710E-01,  0.1816803                      
        11,        16,         8,  0.1400000    ,  0.1300676E-02, -0.1846093    ,  0.1861685E-01,  0.1300676E-02,  0.1861685E-01,  0.1846093                      
        11,        16,         9,  0.1600000    ,  0.1300676E-02, -0.1875383    ,  0.7390360E-02,  0.1300676E-02,  0.7390360E-02,  0.1875383                      
        11,        16,        10,  0.1800000    ,  0.1300675E-02, -0.1904673    , -0.3844278E-02,  0.1300675E-02, -0.3844278E-02,  0.1904673                      
        11,        16,        11,  0.2000000    ,  0.1300675E-02, -0.1933963    , -0.1508923E-01,  0.1300675E-02, -0.1508923E-01,  0.1933963                      
        11,        21,         1,   0.000000    ,  0.7227563E-13, -0.1160342    ,  -1.592072    ,  0.4136001E-09,  -1.592072    ,  0.1160342                      
        11,        21,         2,  0.1900000    , -0.1300675E-03, -0.1207047    ,  -1.564518    , -0.1300671E-03,  -1.564518    ,  0.1207047                      
        11,        21,         3,  0.3800000    , -0.2601350E-03, -0.1329841    ,  -1.484335    , -0.2601346E-03,  -1.484335    ,  0.1329841                      
        11,        21,         4,  0.5700000    , -0.3902025E-03, -0.1502745    ,  -1.356793    , -0.3902021E-03,  -1.356793    ,  0.1502745                      
        11,        21,         5,  0.7600000    , -0.5202700E-03, -0.1699782    ,  -1.189232    , -0.5202696E-03,  -1.189232    ,  0.1699782                      
        11,        21,         6,  0.9500000    , -0.6503376E-03, -0.1894972    , -0.9910583    , -0.6503371E-03, -0.9910583    ,  0.1894972                      
        11,        21,         7,   1.140000    , -0.7804051E-03, -0.2062336    , -0.7737490    , -0.7804047E-03, -0.7737490    ,  0.2062336                      
        11,        21,         8,   1.330000    , -0.9104725E-03, -0.2175896    , -0.5508493    , -0.9104721E-03, -0.5508493    ,  0.2175896                      
        11,        21,         9,   1.520000    , -0.1040540E-02, -0.2209673    , -0.3379728    , -0.1040540E-02, -0.3379728    ,  0.2209673                      
        11,        21,        10,   1.710000    , -0.1170608E-02, -0.2137689    , -0.1528023    , -0.1170607E-02, -0.1528023    ,  0.2137689                      
        11,        21,        11,   1.900000    , -0.1300675E-02, -0.1933963    , -0.1508923E-01, -0.1300675E-02, -0.1508923E-01,  0.1933963                      
        11,        22,         1,   0.000000    ,  0.2558582E-12, -0.1126432    ,  -1.620560    ,  0.4134650E-09,  -1.620560    ,  0.1126432                      
        11,        22,         2,  0.1900000    , -0.1514711E-03, -0.1148482    ,  -1.592702    , -0.1514707E-03,  -1.592702    ,  0.1148482                      
        11,        22,         3,  0.3800000    , -0.3029422E-03, -0.1208067    ,  -1.511619    , -0.3029418E-03,  -1.511619    ,  0.1208067                      
        11,        22,         4,  0.5700000    , -0.4544133E-03, -0.1295345    ,  -1.382595    , -0.4544129E-03,  -1.382595    ,  0.1295345                      
        11,        22,         5,  0.7600000    , -0.6058844E-03, -0.1400473    ,  -1.212984    , -0.6058841E-03,  -1.212984    ,  0.1400473                      
        11,        22,         6,  0.9500000    , -0.7573555E-03, -0.1513605    ,  -1.012209    , -0.7573551E-03,  -1.012209    ,  0.1513605                      
        11,        22,         7,   1.140000    , -0.9088265E-03, -0.1624899    , -0.7917619    , -0.9088262E-03, -0.7917619    ,  0.1624899                      
        11,        22,         8,   1.330000    , -0.1060298E-02, -0.1724510    , -0.5652018    , -0.1060297E-02, -0.5652018    ,  0.1724510                      
        11,        22,         9,   1.520000    , -0.1211769E-02, -0.1802596    , -0.3481577    , -0.1211768E-02, -0.3481577    ,  0.1802596                      
        11,        22,        10,   1.710000    , -0.1363240E-02, -0.1849312    , -0.1583276    , -0.1363240E-02, -0.1583276    ,  0.1849312                      
        11,        22,        11,   1.900000    , -0.1514711E-02, -0.1854815    , -0.1547776E-01, -0.1514711E-02, -0.1547776E-01,  0.1854815                      
        12,         5,         1,   0.000000    ,  0.6298018E-02, -0.7620727    , -0.5421706E-01,  0.6298017E-02, -0.5421706E-01,  0.7620727                      
        12,         5,         2,  0.1900000    ,  0.5668216E-02, -0.8507681    , -0.5931025    ,  0.5668215E-02, -0.5931025    ,  0.8507681                      
        12,         5,         3,  0.3800000    ,  0.5038415E-02, -0.8844914    ,  -1.312923    ,  0.5038413E-02,  -1.312923    ,  0.8844914                      
        12,         5,         4,  0.5700000    ,  0.4408613E-02, -0.8739914    ,  -2.135284    ,  0.4408611E-02,  -2.135284    ,  0.8739914                      
        12,         5,         5,  0.7600000    ,  0.3778811E-02, -0.8300170    ,  -2.990783    ,  0.3778809E-02,  -2.990783    ,  0.8300170                      
        12,         5,         6,  0.9500000    ,  0.3149010E-02, -0.7633172    ,  -3.819003    ,  0.3149008E-02,  -3.819003    ,  0.7633172                      
        12,         5,         7,   1.140000    ,  0.2519208E-02, -0.6846410    ,  -4.568516    ,  0.2519206E-02,  -4.568516    ,  0.6846410                      
        12,         5,         8,   1.330000    ,  0.1889406E-02, -0.6047373    ,  -5.196883    ,  0.1889404E-02,  -5.196883    ,  0.6047373                      
        12,         5,         9,   1.520000    ,  0.1259604E-02, -0.5343549    ,  -5.670655    ,  0.1259602E-02,  -5.670655    ,  0.5343549                      
        12,         5,        10,   1.710000    ,  0.6298017E-03, -0.4842429    ,  -5.965366    ,  0.6298001E-03,  -5.965366    ,  0.4842429                      
        12,         5,        11,   1.900000    ,  0.3054198E-12, -0.4651503    ,  -6.065544    , -0.1607749E-08,  -6.065544    ,  0.4651503                      
        12,         6,         1,   0.000000    ,  0.7150508E-02, -0.7209373    , -0.4521330E-01,  0.7150508E-02, -0.4521330E-01,  0.7209373                      
        12,         6,         2,  0.1900000    ,  0.6435458E-02, -0.7499105    , -0.6042256    ,  0.6435457E-02, -0.6042256    ,  0.7499105                      
        12,         6,         3,  0.3800000    ,  0.5720406E-02, -0.7508009    ,  -1.342450    ,  0.5720406E-02,  -1.342450    ,  0.7508009                      
        12,         6,         4,  0.5700000    ,  0.5005356E-02, -0.7295045    ,  -2.181400    ,  0.5005355E-02,  -2.181400    ,  0.7295045                      
        12,         6,         5,  0.7600000    ,  0.4290305E-02, -0.6919177    ,  -3.051577    ,  0.4290304E-02,  -3.051577    ,  0.6919177                      
        12,         6,         6,  0.9500000    ,  0.3575255E-02, -0.6439366    ,  -3.892473    ,  0.3575253E-02,  -3.892473    ,  0.6439366                      
        12,         6,         7,   1.140000    ,  0.2860204E-02, -0.5914575    ,  -4.652566    ,  0.2860202E-02,  -4.652566    ,  0.5914575                      
        12,         6,         8,   1.330000    ,  0.2145153E-02, -0.5403767    ,  -5.289325    ,  0.2145151E-02,  -5.289325    ,  0.5403767                      
        12,         6,         9,   1.520000    ,  0.1430102E-02, -0.4965903    ,  -5.769206    ,  0.1430100E-02,  -5.769206    ,  0.4965903                      
        12,         6,        10,   1.710000    ,  0.7150507E-03, -0.4659945    ,  -6.067650    ,  0.7150490E-03,  -6.067650    ,  0.4659945                      
        12,         6,        11,   1.900000    ,  0.1014488E-11, -0.4544857    ,  -6.169094    , -0.1608227E-08,  -6.169094    ,  0.4544857                      
        12,        13,         1,   0.000000    , -0.6298018E-02, -0.7620727    , -0.5421706E-01, -0.6298018E-02, -0.5421706E-01,  0.7620727                      
        12,        13,         2,  0.2000000E-01, -0.6298019E-02, -0.7494659    , -0.1002809E-01, -0.6298019E-02, -0.1002809E-01,  0.7494659                      
        12,        13,         3,  0.4000000E-01, -0.6298020E-02, -0.7368591    ,  0.3411610E-01, -0.6298020E-02,  0.3411610E-01,  0.7368591                      
        12,        13,         4,  0.6000000E-01, -0.6298021E-02, -0.7242523    ,  0.7822488E-01, -0.6298021E-02,  0.7822488E-01,  0.7242523                      
        12,        13,         5,  0.8000000E-01, -0.6298022E-02, -0.7116455    ,  0.1223065    , -0.6298022E-02,  0.1223065    ,  0.7116455                      
        12,        13,         6,  0.1000000    , -0.6298023E-02, -0.6990387    ,  0.1663682    , -0.6298023E-02,  0.1663682    ,  0.6990387                      
        12,        13,         7,  0.1200000    , -0.6298024E-02, -0.6864319    ,  0.2104160    , -0.6298024E-02,  0.2104160    ,  0.6864319                      
        12,        13,         8,  0.1400000    , -0.6298026E-02, -0.6738251    ,  0.2544549    , -0.6298026E-02,  0.2544549    ,  0.6738251                      
        12,        13,         9,  0.1600000    , -0.6298027E-02, -0.6612183    ,  0.2984888    , -0.6298027E-02,  0.2984888    ,  0.6612183                      
        12,        13,        10,  0.1800000    , -0.6298028E-02, -0.6486115    ,  0.3425203    , -0.6298028E-02,  0.3425203    ,  0.6486115                      
        12,        13,        11,  0.2000000    , -0.6298029E-02, -0.6360047    ,  0.3865512    , -0.6298029E-02,  0.3865512    ,  0.6360047                      
        12,        14,         1,   0.000000    , -0.7150508E-02, -0.7209373    , -0.4521330E-01, -0.7150508E-02, -0.4521330E-01,  0.7209373                      
        12,        14,         2,  0.2000000E-01, -0.7150509E-02, -0.7162026    ,  0.1181703E-02, -0.7150509E-02,  0.1181703E-02,  0.7162026                      
        12,        14,         3,  0.4000000E-01, -0.7150510E-02, -0.7114678    ,  0.4753193E-01, -0.7150510E-02,  0.4753193E-01,  0.7114678                      
        12,        14,         4,  0.6000000E-01, -0.7150511E-02, -0.7067331    ,  0.9384674E-01, -0.7150511E-02,  0.9384674E-01,  0.7067331                      
        12,        14,         5,  0.8000000E-01, -0.7150512E-02, -0.7019984    ,  0.1401344    , -0.7150512E-02,  0.1401344    ,  0.7019984                      
        12,        14,         6,  0.1000000    , -0.7150513E-02, -0.6972636    ,  0.1864022    , -0.7150513E-02,  0.1864022    ,  0.6972636                      
        12,        14,         7,  0.1200000    , -0.7150514E-02, -0.6925288    ,  0.2326560    , -0.7150514E-02,  0.2326560    ,  0.6925288                      
        12,        14,         8,  0.1400000    , -0.7150515E-02, -0.6877941    ,  0.2789010    , -0.7150515E-02,  0.2789010    ,  0.6877941                      
        12,        14,         9,  0.1600000    , -0.7150515E-02, -0.6830593    ,  0.3251408    , -0.7150515E-02,  0.3251408    ,  0.6830593                      
        12,        14,        10,  0.1800000    , -0.7150516E-02, -0.6783246    ,  0.3713784    , -0.7150516E-02,  0.3713784    ,  0.6783246                      
        12,        14,        11,  0.2000000    , -0.7150517E-02, -0.6735899    ,  0.4176153    , -0.7150517E-02,  0.4176153    ,  0.6735899                      
        12,        15,         1,   0.000000    ,  0.7150517E-02, -0.6735899    ,  0.4176153    ,  0.7150517E-02,  0.4176153    ,  0.6735899                      
        12,        15,         2,  0.2000000E-01,  0.7150516E-02, -0.6783246    ,  0.3713784    ,  0.7150516E-02,  0.3713784    ,  0.6783246                      
        12,        15,         3,  0.4000000E-01,  0.7150515E-02, -0.6830594    ,  0.3251408    ,  0.7150515E-02,  0.3251408    ,  0.6830594                      
        12,        15,         4,  0.6000000E-01,  0.7150515E-02, -0.6877941    ,  0.2789010    ,  0.7150515E-02,  0.2789010    ,  0.6877941                      
        12,        15,         5,  0.8000000E-01,  0.7150514E-02, -0.6925288    ,  0.2326560    ,  0.7150514E-02,  0.2326560    ,  0.6925288                      
        12,        15,         6,  0.1000000    ,  0.7150513E-02, -0.6972637    ,  0.1864022    ,  0.7150513E-02,  0.1864022    ,  0.6972637                      
        12,        15,         7,  0.1200000    ,  0.7150512E-02, -0.7019984    ,  0.1401345    ,  0.7150512E-02,  0.1401345    ,  0.7019984                      
        12,        15,         8,  0.1400000    ,  0.7150511E-02, -0.7067331    ,  0.9384675E-01,  0.7150511E-02,  0.9384675E-01,  0.7067331                      
        12,        15,         9,  0.1600000    ,  0.7150510E-02, -0.7114679    ,  0.4753194E-01,  0.7150510E-02,  0.4753194E-01,  0.7114679                      
        12,        15,        10,  0.1800000    ,  0.7150509E-02, -0.7162026    ,  0.1181726E-02,  0.7150509E-02,  0.1181726E-02,  0.7162026                      
        12,        15,        11,  0.2000000    ,  0.7150508E-02, -0.7209373    , -0.4521330E-01,  0.7150508E-02, -0.4521330E-01,  0.7209373                      
        12,        16,         1,   0.000000    ,  0.6298029E-02, -0.6360047    ,  0.3865512    ,  0.6298029E-02,  0.3865512    ,  0.6360047                      
        12,        16,         2,  0.2000000E-01,  0.6298028E-02, -0.6486115    ,  0.3425203    ,  0.6298028E-02,  0.3425203    ,  0.6486115                      
        12,        16,         3,  0.4000000E-01,  0.6298027E-02, -0.6612183    ,  0.2984888    ,  0.6298027E-02,  0.2984888    ,  0.6612183                      
        12,        16,         4,  0.6000000E-01,  0.6298026E-02, -0.6738251    ,  0.2544549    ,  0.6298026E-02,  0.2544549    ,  0.6738251                      
        12,        16,         5,  0.8000000E-01,  0.6298024E-02, -0.6864319    ,  0.2104160    ,  0.6298024E-02,  0.2104160    ,  0.6864319                      
        12,        16,         6,  0.1000000    ,  0.6298023E-02, -0.6990387    ,  0.1663682    ,  0.6298023E-02,  0.1663682    ,  0.6990387                      
        12,        16,         7,  0.1200000    ,  0.6298022E-02, -0.7116455    ,  0.1223065    ,  0.6298022E-02,  0.1223065    ,  0.7116455                      
        12,        16,         8,  0.1400000    ,  0.6298021E-02, -0.7242523    ,  0.7822488E-01,  0.6298021E-02,  0.7822488E-01,  0.7242523                      
        12,        16,         9,  0.1600000    ,  0.6298020E-02, -0.7368591    ,  0.3411612E-01,  0.6298020E-02,  0.3411612E-01,  0.7368591                      
        12,        16,        10,  0.1800000    ,  0.6298019E-02, -0.7494659    , -0.1002807E-01,  0.6298019E-02, -0.1002807E-01,  0.7494659                      
        12,        16,        11,  0.2000000    ,  0.6298018E-02, -0.7620727    , -0.5421706E-01,  0.6298018E-02, -0.5421706E-01,  0.7620727                      
        12,        21,         1,   0.000000    ,  0.3053113E-12, -0.4651503    ,  -6.065544    ,  0.1608360E-08,  -6.065544    ,  0.4651503                      
        12,        21,         2,  0.1900000    , -0.6298018E-03, -0.4842429    ,  -5.965365    , -0.6298003E-03,  -5.965365    ,  0.4842429                      
        12,        21,         3,  0.3800000    , -0.1259604E-02, -0.5343549    ,  -5.670655    , -0.1259602E-02,  -5.670655    ,  0.5343549                      
        12,        21,         4,  0.5700000    , -0.1889406E-02, -0.6047373    ,  -5.196883    , -0.1889404E-02,  -5.196883    ,  0.6047373                      
        12,        21,         5,  0.7600000    , -0.2519207E-02, -0.6846410    ,  -4.568516    , -0.2519206E-02,  -4.568516    ,  0.6846410                      
        12,        21,         6,  0.9500000    , -0.3149010E-02, -0.7633172    ,  -3.819003    , -0.3149008E-02,  -3.819003    ,  0.7633172                      
        12,        21,         7,   1.140000    , -0.3778811E-02, -0.8300170    ,  -2.990783    , -0.3778809E-02,  -2.990783    ,  0.8300170                      
        12,        21,         8,   1.330000    , -0.4408613E-02, -0.8739914    ,  -2.135284    , -0.4408611E-02,  -2.135284    ,  0.8739914                      
        12,        21,         9,   1.520000    , -0.5038415E-02, -0.8844914    ,  -1.312923    , -0.5038413E-02,  -1.312923    ,  0.8844914                      
        12,        21,        10,   1.710000    , -0.5668216E-02, -0.8507681    , -0.5931025    , -0.5668215E-02, -0.5931025    ,  0.8507681                      
        12,        21,        11,   1.900000    , -0.6298018E-02, -0.7620727    , -0.5421706E-01, -0.6298017E-02, -0.5421706E-01,  0.7620727                      
        12,        22,         1,   0.000000    ,  0.1014488E-11, -0.4544857    ,  -6.169094    ,  0.1610256E-08,  -6.169094    ,  0.4544857                      
        12,        22,         2,  0.1900000    , -0.7150509E-03, -0.4659945    ,  -6.067650    , -0.7150493E-03,  -6.067650    ,  0.4659945                      
        12,        22,         3,  0.3800000    , -0.1430102E-02, -0.4965903    ,  -5.769206    , -0.1430100E-02,  -5.769206    ,  0.4965903                      
        12,        22,         4,  0.5700000    , -0.2145153E-02, -0.5403767    ,  -5.289325    , -0.2145151E-02,  -5.289325    ,  0.5403767                      
        12,        22,         5,  0.7600000    , -0.2860203E-02, -0.5914575    ,  -4.652566    , -0.2860202E-02,  -4.652566    ,  0.5914575                      
        12,        22,         6,  0.9500000    , -0.3575254E-02, -0.6439366    ,  -3.892473    , -0.3575253E-02,  -3.892473    ,  0.6439366                      
        12,        22,         7,   1.140000    , -0.4290305E-02, -0.6919177    ,  -3.051577    , -0.4290304E-02,  -3.051577    ,  0.6919177                      
        12,        22,         8,   1.330000    , -0.5005356E-02, -0.7295045    ,  -2.181400    , -0.5005355E-02,  -2.181400    ,  0.7295045                      
        12,        22,         9,   1.520000    , -0.5720406E-02, -0.7508009    ,  -1.342450    , -0.5720406E-02,  -1.342450    ,  0.7508009                      
        12,        22,        10,   1.710000    , -0.6435458E-02, -0.7499105    , -0.6042256    , -0.6435457E-02, -0.6042256    ,  0.7499105                      
        12,        22,        11,   1.900000    , -0.7150508E-02, -0.7209373    , -0.4521330E-01, -0.7150508E-02, -0.4521330E-01,  0.7209373                      
        13,         5,         1,   0.000000    ,  0.9271407E-02,   31.22477    ,  0.5938661    ,  0.9271450E-02,  0.5938661    ,  -31.22477                      
        13,         5,         2,  0.1900000    ,  0.8344264E-02,   31.94636    ,   1.142462    ,  0.8344309E-02,   1.142462    ,  -31.94636                      
        13,         5,         3,  0.3800000    ,  0.7417123E-02,   32.60045    ,   1.907463    ,  0.7417169E-02,   1.907463    ,  -32.60045                      
        13,         5,         4,  0.5700000    ,  0.6489981E-02,   33.09719    ,   2.796350    ,  0.6490028E-02,   2.796350    ,  -33.09719                      
        13,         5,         5,  0.7600000    ,  0.5562840E-02,   33.38195    ,   3.727813    ,  0.5562888E-02,   3.727813    ,  -33.38195                      
        13,         5,         6,  0.9500000    ,  0.4635700E-02,   33.43536    ,   4.631744    ,  0.4635748E-02,   4.631744    ,  -33.43536                      
        13,         5,         7,   1.140000    ,  0.3708560E-02,   33.27322    ,   5.449244    ,  0.3708608E-02,   5.449244    ,  -33.27322                      
        13,         5,         8,   1.330000    ,  0.2781420E-02,   32.94665    ,   6.132617    ,  0.2781468E-02,   6.132617    ,  -32.94665                      
        13,         5,         9,   1.520000    ,  0.1854280E-02,   32.54193    ,   6.645375    ,  0.1854327E-02,   6.645375    ,  -32.54193                      
        13,         5,        10,   1.710000    ,  0.9271399E-03,   32.18060    ,   6.962233    ,  0.9271864E-03,   6.962233    ,  -32.18060                      
        13,         5,        11,   1.900000    ,  0.1271899E-10,   32.01946    ,   7.069113    ,  0.4632306E-07,   7.069113    ,  -32.01946                      
        13,         6,         1,   0.000000    , -0.1770297E-01,   31.19861    ,  0.4583491    , -0.1770293E-01,  0.4583491    ,  -31.19861                      
        13,         6,         2,  0.1900000    , -0.1593268E-01,   32.14988    ,   1.224078    , -0.1593263E-01,   1.224078    ,  -32.14988                      
        13,         6,         3,  0.3800000    , -0.1416238E-01,   32.93463    ,   2.190146    , -0.1416233E-01,   2.190146    ,  -32.93463                      
        13,         6,         4,  0.5700000    , -0.1239208E-01,   33.48064    ,   3.262436    , -0.1239204E-01,   3.262436    ,  -33.48064                      
        13,         6,         5,  0.7600000    , -0.1062179E-01,   33.75092    ,   4.358037    , -0.1062174E-01,   4.358037    ,  -33.75092                      
        13,         6,         6,  0.9500000    , -0.8851490E-02,   33.74370    ,   5.405242    , -0.8851442E-02,   5.405242    ,  -33.74370                      
        13,         6,         7,   1.140000    , -0.7081192E-02,   33.49244    ,   6.343554    , -0.7081144E-02,   6.343554    ,  -33.49244                      
        13,         6,         8,   1.330000    , -0.5310894E-02,   33.06586    ,   7.123675    , -0.5310846E-02,   7.123675    ,  -33.06586                      
        13,         6,         9,   1.520000    , -0.3540596E-02,   32.56789    ,   7.707519    , -0.3540548E-02,   7.707519    ,  -32.56789                      
        13,         6,        10,   1.710000    , -0.1770297E-02,   32.13768    ,   8.068202    , -0.1770250E-02,   8.068202    ,  -32.13768                      
        13,         6,        11,   1.900000    , -0.1783643E-10,   31.94966    ,   8.190045    ,  0.4636979E-07,   8.190045    ,  -31.94966                      
        13,        13,         1,   0.000000    , -0.9271407E-02,   31.22477    ,  0.5938661    , -0.9271407E-02,  0.5938661    ,  -31.22477                      
        13,        13,         2,  0.2000000E-01, -0.9271408E-02,   31.14944    ,  0.5510821    , -0.9271408E-02,  0.5510821    ,  -31.14944                      
        13,        13,         3,  0.4000000E-01, -0.9271411E-02,   31.07428    ,  0.5083538    , -0.9271411E-02,  0.5083538    ,  -31.07428                      
        13,        13,         4,  0.6000000E-01, -0.9271413E-02,   30.99927    ,  0.4656698    , -0.9271413E-02,  0.4656698    ,  -30.99927                      
        13,        13,         5,  0.8000000E-01, -0.9271414E-02,   30.92436    ,  0.4230196    , -0.9271414E-02,  0.4230196    ,  -30.92436                      
        13,        13,         6,  0.1000000    , -0.9271416E-02,   30.84953    ,  0.3803943    , -0.9271416E-02,  0.3803943    ,  -30.84953                      
        13,        13,         7,  0.1200000    , -0.9271419E-02,   30.77476    ,  0.3377862    , -0.9271419E-02,  0.3377862    ,  -30.77476                      
        13,        13,         8,  0.1400000    , -0.9271421E-02,   30.70001    ,  0.2951892    , -0.9271421E-02,  0.2951892    ,  -30.70001                      
        13,        13,         9,  0.1600000    , -0.9271422E-02,   30.62530    ,  0.2525987    , -0.9271422E-02,  0.2525987    ,  -30.62530                      
        13,        13,        10,  0.1800000    , -0.9271425E-02,   30.55058    ,  0.2100109    , -0.9271425E-02,  0.2100109    ,  -30.55058                      
        13,        13,        11,  0.2000000    , -0.9271427E-02,   30.47588    ,  0.1674239    , -0.9271427E-02,  0.1674239    ,  -30.47588                      
        13,        14,         1,   0.000000    ,  0.1770297E-01,   31.19861    ,  0.4583491    ,  0.1770297E-01,  0.4583491    ,  -31.19861                      
        13,        14,         2,  0.2000000E-01,  0.1770297E-01,   31.09328    ,  0.3919195    ,  0.1770297E-01,  0.3919195    ,  -31.09328                      
        13,        14,         3,  0.4000000E-01,  0.1770297E-01,   30.98812    ,  0.3255458    ,  0.1770297E-01,  0.3255458    ,  -30.98812                      
        13,        14,         4,  0.6000000E-01,  0.1770297E-01,   30.88310    ,  0.2592161    ,  0.1770297E-01,  0.2592161    ,  -30.88310                      
        13,        14,         5,  0.8000000E-01,  0.1770297E-01,   30.77818    ,  0.1929203    ,  0.1770297E-01,  0.1929203    ,  -30.77818                      
        13,        14,         6,  0.1000000    ,  0.1770297E-01,   30.67335    ,  0.1266494    ,  0.1770297E-01,  0.1266494    ,  -30.67335                      
        13,        14,         7,  0.1200000    ,  0.1770297E-01,   30.56857    ,  0.6039578E-01,  0.1770297E-01,  0.6039578E-01,  -30.56857                      
        13,        14,         8,  0.1400000    ,  0.1770297E-01,   30.46382    , -0.5846727E-02,  0.1770297E-01, -0.5846727E-02,  -30.46382                      
        13,        14,         9,  0.1600000    ,  0.1770297E-01,   30.35909    , -0.7208291E-01,  0.1770297E-01, -0.7208291E-01,  -30.35909                      
        13,        14,        10,  0.1800000    ,  0.1770297E-01,   30.25438    , -0.1383162    ,  0.1770297E-01, -0.1383162    ,  -30.25438                      
        13,        14,        11,  0.2000000    ,  0.1770297E-01,   30.14966    , -0.2045488    ,  0.1770297E-01, -0.2045488    ,  -30.14966                      
        13,        15,         1,   0.000000    , -0.1770297E-01,   30.14966    , -0.2045488    , -0.1770297E-01, -0.2045488    ,  -30.14966                      
        13,        15,         2,  0.2000000E-01, -0.1770297E-01,   30.25438    , -0.1383162    , -0.1770297E-01, -0.1383162    ,  -30.25438                      
        13,        15,         3,  0.4000000E-01, -0.1770297E-01,   30.35910    , -0.7208293E-01, -0.1770297E-01, -0.7208293E-01,  -30.35910                      
        13,        15,         4,  0.6000000E-01, -0.1770297E-01,   30.46382    , -0.5846737E-02, -0.1770297E-01, -0.5846737E-02,  -30.46382                      
        13,        15,         5,  0.8000000E-01, -0.1770297E-01,   30.56857    ,  0.6039575E-01, -0.1770297E-01,  0.6039575E-01,  -30.56857                      
        13,        15,         6,  0.1000000    , -0.1770297E-01,   30.67335    ,  0.1266493    , -0.1770297E-01,  0.1266493    ,  -30.67335                      
        13,        15,         7,  0.1200000    , -0.1770297E-01,   30.77818    ,  0.1929203    , -0.1770297E-01,  0.1929203    ,  -30.77818                      
        13,        15,         8,  0.1400000    , -0.1770297E-01,   30.88310    ,  0.2592161    , -0.1770297E-01,  0.2592161    ,  -30.88310                      
        13,        15,         9,  0.1600000    , -0.1770297E-01,   30.98811    ,  0.3255457    , -0.1770297E-01,  0.3255457    ,  -30.98811                      
        13,        15,        10,  0.1800000    , -0.1770297E-01,   31.09327    ,  0.3919195    , -0.1770297E-01,  0.3919195    ,  -31.09327                      
        13,        15,        11,  0.2000000    , -0.1770297E-01,   31.19861    ,  0.4583491    , -0.1770297E-01,  0.4583491    ,  -31.19861                      
        13,        16,         1,   0.000000    ,  0.9271427E-02,   30.47588    ,  0.1674239    ,  0.9271427E-02,  0.1674239    ,  -30.47588                      
        13,        16,         2,  0.2000000E-01,  0.9271425E-02,   30.55058    ,  0.2100109    ,  0.9271425E-02,  0.2100109    ,  -30.55058                      
        13,        16,         3,  0.4000000E-01,  0.9271422E-02,   30.62530    ,  0.2525986    ,  0.9271422E-02,  0.2525986    ,  -30.62530                      
        13,        16,         4,  0.6000000E-01,  0.9271421E-02,   30.70002    ,  0.2951893    ,  0.9271421E-02,  0.2951893    ,  -30.70002                      
        13,        16,         5,  0.8000000E-01,  0.9271419E-02,   30.77476    ,  0.3377862    ,  0.9271419E-02,  0.3377862    ,  -30.77476                      
        13,        16,         6,  0.1000000    ,  0.9271416E-02,   30.84953    ,  0.3803942    ,  0.9271416E-02,  0.3803942    ,  -30.84953                      
        13,        16,         7,  0.1200000    ,  0.9271414E-02,   30.92436    ,  0.4230196    ,  0.9271414E-02,  0.4230196    ,  -30.92436                      
        13,        16,         8,  0.1400000    ,  0.9271413E-02,   30.99927    ,  0.4656698    ,  0.9271413E-02,  0.4656698    ,  -30.99927                      
        13,        16,         9,  0.1600000    ,  0.9271411E-02,   31.07428    ,  0.5083539    ,  0.9271411E-02,  0.5083539    ,  -31.07428                      
        13,        16,        10,  0.1800000    ,  0.9271408E-02,   31.14944    ,  0.5510821    ,  0.9271408E-02,  0.5510821    ,  -31.14944                      
        13,        16,        11,  0.2000000    ,  0.9271407E-02,   31.22477    ,  0.5938661    ,  0.9271407E-02,  0.5938661    ,  -31.22477                      
        13,        21,         1,   0.000000    ,  0.1271899E-10,   32.01946    ,   7.069113    , -0.4629762E-07,   7.069113    ,  -32.01946                      
        13,        21,         2,  0.1900000    , -0.9271402E-03,   32.18060    ,   6.962233    , -0.9271867E-03,   6.962233    ,  -32.18060                      
        13,        21,         3,  0.3800000    , -0.1854280E-02,   32.54193    ,   6.645375    , -0.1854327E-02,   6.645375    ,  -32.54193                      
        13,        21,         4,  0.5700000    , -0.2781420E-02,   32.94665    ,   6.132617    , -0.2781468E-02,   6.132617    ,  -32.94665                      
        13,        21,         5,  0.7600000    , -0.3708560E-02,   33.27322    ,   5.449244    , -0.3708608E-02,   5.449244    ,  -33.27322                      
        13,        21,         6,  0.9500000    , -0.4635700E-02,   33.43536    ,   4.631744    , -0.4635748E-02,   4.631744    ,  -33.43536                      
        13,        21,         7,   1.140000    , -0.5562841E-02,   33.38195    ,   3.727813    , -0.5562889E-02,   3.727813    ,  -33.38195                      
        13,        21,         8,   1.330000    , -0.6489982E-02,   33.09719    ,   2.796350    , -0.6490029E-02,   2.796350    ,  -33.09719                      
        13,        21,         9,   1.520000    , -0.7417123E-02,   32.60045    ,   1.907463    , -0.7417169E-02,   1.907463    ,  -32.60045                      
        13,        21,        10,   1.710000    , -0.8344265E-02,   31.94636    ,   1.142462    , -0.8344310E-02,   1.142462    ,  -31.94636                      
        13,        21,        11,   1.900000    , -0.9271407E-02,   31.22477    ,  0.5938661    , -0.9271450E-02,  0.5938661    ,  -31.22477                      
        13,        22,         1,   0.000000    , -0.1783643E-10,   31.94966    ,   8.190045    , -0.4640546E-07,   8.190045    ,  -31.94966                      
        13,        22,         2,  0.1900000    ,  0.1770298E-02,   32.13768    ,   8.068202    ,  0.1770251E-02,   8.068202    ,  -32.13768                      
        13,        22,         3,  0.3800000    ,  0.3540596E-02,   32.56789    ,   7.707519    ,  0.3540549E-02,   7.707519    ,  -32.56789                      
        13,        22,         4,  0.5700000    ,  0.5310894E-02,   33.06586    ,   7.123675    ,  0.5310846E-02,   7.123675    ,  -33.06586                      
        13,        22,         5,  0.7600000    ,  0.7081192E-02,   33.49244    ,   6.343554    ,  0.7081144E-02,   6.343554    ,  -33.49244                      
        13,        22,         6,  0.9500000    ,  0.8851489E-02,   33.74370    ,   5.405242    ,  0.8851441E-02,   5.405242    ,  -33.74370                      
        13,        22,         7,   1.140000    ,  0.1062179E-01,   33.75092    ,   4.358037    ,  0.1062174E-01,   4.358037    ,  -33.75092                      
        13,        22,         8,   1.330000    ,  0.1239208E-01,   33.48064    ,   3.262436    ,  0.1239204E-01,   3.262436    ,  -33.48064                      
        13,        22,         9,   1.520000    ,  0.1416238E-01,   32.93463    ,   2.190146    ,  0.1416233E-01,   2.190146    ,  -32.93463                      
        13,        22,        10,   1.710000    ,  0.1593268E-01,   32.14988    ,   1.224078    ,  0.1593263E-01,   1.224078    ,  -32.14988                      
        13,        22,        11,   1.900000    ,  0.1770297E-01,   31.19861    ,  0.4583491    ,  0.1770293E-01,  0.4583491    ,  -31.19861                      
        14,         5,         1,   0.000000    ,  0.2876609E-01,   34.56457    ,  0.5699536    ,  0.2876614E-01,  0.5699536    ,  -34.56457                      
        14,         5,         2,  0.1900000    ,  0.2588948E-01,   35.25640    , -0.9367236E-01,  0.2588953E-01, -0.9367236E-01,  -35.25640                      
        14,         5,         3,  0.3800000    ,  0.2301287E-01,   36.00175    , -0.9382040    ,  0.2301292E-01, -0.9382040    ,  -36.00175                      
        14,         5,         4,  0.5700000    ,  0.2013626E-01,   36.65794    ,  -1.881711    ,  0.2013631E-01,  -1.881711    ,  -36.65794                      
        14,         5,         5,  0.7600000    ,  0.1725965E-01,   37.12761    ,  -2.851433    ,  0.1725970E-01,  -2.851433    ,  -37.12761                      
        14,         5,         6,  0.9500000    ,  0.1438304E-01,   37.35864    ,  -3.783779    ,  0.1438309E-01,  -3.783779    ,  -37.35864                      
        14,         5,         7,   1.140000    ,  0.1150643E-01,   37.34418    ,  -4.624325    ,  0.1150649E-01,  -4.624325    ,  -37.34418                      
        14,         5,         8,   1.330000    ,  0.8629826E-02,   37.12268    ,  -5.327821    ,  0.8629878E-02,  -5.327821    ,  -37.12268                      
        14,         5,         9,   1.520000    ,  0.5753217E-02,   36.77784    ,  -5.858183    ,  0.5753268E-02,  -5.858183    ,  -36.77784                      
        14,         5,        10,   1.710000    ,  0.2876608E-02,   36.43862    ,  -6.188495    ,  0.2876658E-02,  -6.188495    ,  -36.43862                      
        14,         5,        11,   1.900000    ,  0.1551537E-10,   36.27928    ,  -6.301014    ,  0.5024224E-07,  -6.301014    ,  -36.27928                      
        14,         6,         1,   0.000000    , -0.3280831E-02,   34.64464    ,  0.4384986    , -0.3280782E-02,  0.4384986    ,  -34.64464                      
        14,         6,         2,  0.1900000    , -0.2952749E-02,   35.75193    , -0.1183494E-01, -0.2952699E-02, -0.1183494E-01,  -35.75193                      
        14,         6,         3,  0.3800000    , -0.2624667E-02,   36.72989    , -0.6578816    , -0.2624616E-02, -0.6578816    ,  -36.72989                      
        14,         6,         4,  0.5700000    , -0.2296585E-02,   37.46863    ,  -1.419511    , -0.2296532E-02,  -1.419511    ,  -37.46863                      
        14,         6,         5,  0.7600000    , -0.1968502E-02,   37.90354    ,  -2.225764    , -0.1968449E-02,  -2.225764    ,  -37.90354                      
        14,         6,         6,  0.9500000    , -0.1640419E-02,   38.01526    ,  -3.014849    , -0.1640366E-02,  -3.014849    ,  -38.01526                      
        14,         6,         7,   1.140000    , -0.1312335E-02,   37.82972    ,  -3.734145    , -0.1312283E-02,  -3.734145    ,  -37.82972                      
        14,         6,         8,   1.330000    , -0.9842516E-03,   37.41812    ,  -4.340199    , -0.9841995E-03,  -4.340199    ,  -37.41812                      
        14,         6,         9,   1.520000    , -0.6561675E-03,   36.89692    ,  -4.798732    , -0.6561161E-03,  -4.798732    ,  -36.89692                      
        14,         6,        10,   1.710000    , -0.3280834E-03,   36.42786    ,  -5.084625    , -0.3280328E-03,  -5.084625    ,  -36.42786                      
        14,         6,        11,   1.900000    , -0.1840889E-10,   36.21796    ,  -5.181938    ,  0.5029727E-07,  -5.181938    ,  -36.21796                      
        14,        13,         1,   0.000000    , -0.2876609E-01,   34.56457    ,  0.5699536    , -0.2876609E-01,  0.5699536    ,  -34.56457                      
        14,        13,         2,  0.2000000E-01, -0.2876609E-01,   34.50089    ,  0.6271453    , -0.2876609E-01,  0.6271453    ,  -34.50089                      
        14,        13,         3,  0.4000000E-01, -0.2876609E-01,   34.43743    ,  0.6842913    , -0.2876609E-01,  0.6842913    ,  -34.43743                      
        14,        13,         4,  0.6000000E-01, -0.2876609E-01,   34.37415    ,  0.7414011    , -0.2876609E-01,  0.7414011    ,  -34.37415                      
        14,        13,         5,  0.8000000E-01, -0.2876609E-01,   34.31102    ,  0.7984833    , -0.2876609E-01,  0.7984833    ,  -34.31102                      
        14,        13,         6,  0.1000000    , -0.2876609E-01,   34.24797    ,  0.8555451    , -0.2876609E-01,  0.8555451    ,  -34.24797                      
        14,        13,         7,  0.1200000    , -0.2876609E-01,   34.18501    ,  0.9125929    , -0.2876609E-01,  0.9125929    ,  -34.18501                      
        14,        13,         8,  0.1400000    , -0.2876609E-01,   34.12208    ,  0.9696314    , -0.2876609E-01,  0.9696314    ,  -34.12208                      
        14,        13,         9,  0.1600000    , -0.2876609E-01,   34.05918    ,   1.026665    , -0.2876609E-01,   1.026665    ,  -34.05918                      
        14,        13,        10,  0.1800000    , -0.2876609E-01,   33.99630    ,   1.083696    , -0.2876609E-01,   1.083696    ,  -33.99630                      
        14,        13,        11,  0.2000000    , -0.2876609E-01,   33.93340    ,   1.140726    , -0.2876609E-01,   1.140726    ,  -33.93340                      
        14,        14,         1,   0.000000    ,  0.3280831E-02,   34.64464    ,  0.4384986    ,  0.3280831E-02,  0.4384986    ,  -34.64464                      
        14,        14,         2,  0.2000000E-01,  0.3280829E-02,   34.52645    ,  0.4725224    ,  0.3280829E-02,  0.4725224    ,  -34.52645                      
        14,        14,         3,  0.4000000E-01,  0.3280828E-02,   34.40849    ,  0.5065004    ,  0.3280828E-02,  0.5065004    ,  -34.40849                      
        14,        14,         4,  0.6000000E-01,  0.3280826E-02,   34.29071    ,  0.5404423    ,  0.3280826E-02,  0.5404423    ,  -34.29071                      
        14,        14,         5,  0.8000000E-01,  0.3280825E-02,   34.17307    ,  0.5743565    ,  0.3280825E-02,  0.5743565    ,  -34.17307                      
        14,        14,         6,  0.1000000    ,  0.3280823E-02,   34.05551    ,  0.6082504    ,  0.3280823E-02,  0.6082504    ,  -34.05551                      
        14,        14,         7,  0.1200000    ,  0.3280821E-02,   33.93804    ,  0.6421301    ,  0.3280821E-02,  0.6421301    ,  -33.93804                      
        14,        14,         8,  0.1400000    ,  0.3280820E-02,   33.82061    ,  0.6760007    ,  0.3280820E-02,  0.6760007    ,  -33.82061                      
        14,        14,         9,  0.1600000    ,  0.3280818E-02,   33.70321    ,  0.7098661    ,  0.3280818E-02,  0.7098661    ,  -33.70321                      
        14,        14,        10,  0.1800000    ,  0.3280816E-02,   33.58581    ,  0.7437292    ,  0.3280816E-02,  0.7437292    ,  -33.58581                      
        14,        14,        11,  0.2000000    ,  0.3280815E-02,   33.46842    ,  0.7775917    ,  0.3280815E-02,  0.7775917    ,  -33.46842                      
        14,        15,         1,   0.000000    , -0.3280815E-02,   33.46842    ,  0.7775917    , -0.3280815E-02,  0.7775917    ,  -33.46842                      
        14,        15,         2,  0.2000000E-01, -0.3280816E-02,   33.58581    ,  0.7437292    , -0.3280816E-02,  0.7437292    ,  -33.58581                      
        14,        15,         3,  0.4000000E-01, -0.3280818E-02,   33.70321    ,  0.7098662    , -0.3280818E-02,  0.7098662    ,  -33.70321                      
        14,        15,         4,  0.6000000E-01, -0.3280820E-02,   33.82061    ,  0.6760007    , -0.3280820E-02,  0.6760007    ,  -33.82061                      
        14,        15,         5,  0.8000000E-01, -0.3280821E-02,   33.93804    ,  0.6421300    , -0.3280821E-02,  0.6421300    ,  -33.93804                      
        14,        15,         6,  0.1000000    , -0.3280823E-02,   34.05551    ,  0.6082503    , -0.3280823E-02,  0.6082503    ,  -34.05551                      
        14,        15,         7,  0.1200000    , -0.3280825E-02,   34.17307    ,  0.5743566    , -0.3280825E-02,  0.5743566    ,  -34.17307                      
        14,        15,         8,  0.1400000    , -0.3280826E-02,   34.29071    ,  0.5404423    , -0.3280826E-02,  0.5404423    ,  -34.29071                      
        14,        15,         9,  0.1600000    , -0.3280828E-02,   34.40849    ,  0.5065004    , -0.3280828E-02,  0.5065004    ,  -34.40849                      
        14,        15,        10,  0.1800000    , -0.3280829E-02,   34.52645    ,  0.4725223    , -0.3280829E-02,  0.4725223    ,  -34.52645                      
        14,        15,        11,  0.2000000    , -0.3280831E-02,   34.64464    ,  0.4384986    , -0.3280831E-02,  0.4384986    ,  -34.64464                      
        14,        16,         1,   0.000000    ,  0.2876609E-01,   33.93340    ,   1.140726    ,  0.2876609E-01,   1.140726    ,  -33.93340                      
        14,        16,         2,  0.2000000E-01,  0.2876609E-01,   33.99629    ,   1.083696    ,  0.2876609E-01,   1.083696    ,  -33.99629                      
        14,        16,         3,  0.4000000E-01,  0.2876609E-01,   34.05918    ,   1.026665    ,  0.2876609E-01,   1.026665    ,  -34.05918                      
        14,        16,         4,  0.6000000E-01,  0.2876609E-01,   34.12207    ,  0.9696314    ,  0.2876609E-01,  0.9696314    ,  -34.12207                      
        14,        16,         5,  0.8000000E-01,  0.2876609E-01,   34.18501    ,  0.9125928    ,  0.2876609E-01,  0.9125928    ,  -34.18501                      
        14,        16,         6,  0.1000000    ,  0.2876609E-01,   34.24797    ,  0.8555452    ,  0.2876609E-01,  0.8555452    ,  -34.24797                      
        14,        16,         7,  0.1200000    ,  0.2876609E-01,   34.31102    ,  0.7984834    ,  0.2876609E-01,  0.7984834    ,  -34.31102                      
        14,        16,         8,  0.1400000    ,  0.2876609E-01,   34.37416    ,  0.7414011    ,  0.2876609E-01,  0.7414011    ,  -34.37416                      
        14,        16,         9,  0.1600000    ,  0.2876609E-01,   34.43744    ,  0.6842913    ,  0.2876609E-01,  0.6842913    ,  -34.43744                      
        14,        16,        10,  0.1800000    ,  0.2876609E-01,   34.50089    ,  0.6271453    ,  0.2876609E-01,  0.6271453    ,  -34.50089                      
        14,        16,        11,  0.2000000    ,  0.2876609E-01,   34.56457    ,  0.5699536    ,  0.2876609E-01,  0.5699536    ,  -34.56457                      
        14,        21,         1,   0.000000    ,  0.1551537E-10,   36.27928    ,  -6.301014    , -0.5021120E-07,  -6.301014    ,  -36.27928                      
        14,        21,         2,  0.1900000    , -0.2876608E-02,   36.43862    ,  -6.188495    , -0.2876659E-02,  -6.188495    ,  -36.43862                      
        14,        21,         3,  0.3800000    , -0.5753217E-02,   36.77784    ,  -5.858183    , -0.5753268E-02,  -5.858183    ,  -36.77784                      
        14,        21,         4,  0.5700000    , -0.8629825E-02,   37.12268    ,  -5.327821    , -0.8629877E-02,  -5.327821    ,  -37.12268                      
        14,        21,         5,  0.7600000    , -0.1150643E-01,   37.34418    ,  -4.624325    , -0.1150649E-01,  -4.624325    ,  -37.34418                      
        14,        21,         6,  0.9500000    , -0.1438304E-01,   37.35864    ,  -3.783779    , -0.1438309E-01,  -3.783779    ,  -37.35864                      
        14,        21,         7,   1.140000    , -0.1725965E-01,   37.12761    ,  -2.851433    , -0.1725970E-01,  -2.851433    ,  -37.12761                      
        14,        21,         8,   1.330000    , -0.2013626E-01,   36.65794    ,  -1.881711    , -0.2013631E-01,  -1.881711    ,  -36.65794                      
        14,        21,         9,   1.520000    , -0.2301287E-01,   36.00175    , -0.9382040    , -0.2301292E-01, -0.9382040    ,  -36.00175                      
        14,        21,        10,   1.710000    , -0.2588948E-01,   35.25640    , -0.9367236E-01, -0.2588953E-01, -0.9367236E-01,  -35.25640                      
        14,        21,        11,   1.900000    , -0.2876609E-01,   34.56457    ,  0.5699536    , -0.2876614E-01,  0.5699536    ,  -34.56457                      
        14,        22,         1,   0.000000    , -0.1840889E-10,   36.21796    ,  -5.181938    , -0.5033408E-07,  -5.181938    ,  -36.21796                      
        14,        22,         2,  0.1900000    ,  0.3280835E-03,   36.42786    ,  -5.084625    ,  0.3280329E-03,  -5.084625    ,  -36.42786                      
        14,        22,         3,  0.3800000    ,  0.6561675E-03,   36.89692    ,  -4.798732    ,  0.6561161E-03,  -4.798732    ,  -36.89692                      
        14,        22,         4,  0.5700000    ,  0.9842516E-03,   37.41812    ,  -4.340199    ,  0.9841995E-03,  -4.340199    ,  -37.41812                      
        14,        22,         5,  0.7600000    ,  0.1312335E-02,   37.82972    ,  -3.734145    ,  0.1312283E-02,  -3.734145    ,  -37.82972                      
        14,        22,         6,  0.9500000    ,  0.1640419E-02,   38.01526    ,  -3.014849    ,  0.1640366E-02,  -3.014849    ,  -38.01526                      
        14,        22,         7,   1.140000    ,  0.1968502E-02,   37.90354    ,  -2.225764    ,  0.1968449E-02,  -2.225764    ,  -37.90354                      
        14,        22,         8,   1.330000    ,  0.2296585E-02,   37.46863    ,  -1.419511    ,  0.2296532E-02,  -1.419511    ,  -37.46863                      
        14,        22,         9,   1.520000    ,  0.2624667E-02,   36.72989    , -0.6578816    ,  0.2624616E-02, -0.6578816    ,  -36.72989                      
        14,        22,        10,   1.710000    ,  0.2952749E-02,   35.75193    , -0.1183494E-01,  0.2952699E-02, -0.1183494E-01,  -35.75193                      
        14,        22,        11,   1.900000    ,  0.3280831E-02,   34.64464    ,  0.4384986    ,  0.3280782E-02,  0.4384986    ,  -34.64464                      
        15,         5,         1,   0.000000    ,   36.42551    ,  0.2320047    , -0.3713491E-02,   36.42551    , -0.3713497E-02, -0.2320046                      
        15,         5,         2,  0.1900000    ,   36.42948    ,  0.5229128    ,  -1.295715    ,   36.42948    ,  -1.295715    , -0.5229127                      
        15,         5,         3,  0.3800000    ,   36.43344    ,  0.7098217    ,  -1.979333    ,   36.43344    ,  -1.979333    , -0.7098216                      
        15,         5,         4,  0.5700000    ,   36.43740    ,  0.8068143    ,  -2.157320    ,   36.43740    ,  -2.157320    , -0.8068142                      
        15,         5,         5,  0.7600000    ,   36.44136    ,  0.8276490    ,  -1.927285    ,   36.44136    ,  -1.927285    , -0.8276489                      
        15,         5,         6,  0.9500000    ,   36.44532    ,  0.7857600    ,  -1.381684    ,   36.44532    ,  -1.381684    , -0.7857600                      
        15,         5,         7,   1.140000    ,   36.44929    ,  0.6942576    , -0.6078289    ,   36.44929    , -0.6078289    , -0.6942576                      
        15,         5,         8,   1.330000    ,   36.45325    ,  0.5659271    ,  0.3121200    ,   36.45325    ,  0.3121200    , -0.5659270                      
        15,         5,         9,   1.520000    ,   36.45721    ,  0.4132297    ,   1.301150    ,   36.45721    ,   1.301150    , -0.4132297                      
        15,         5,        10,   1.710000    ,   36.46117    ,  0.2483028    ,   2.287396    ,   36.46117    ,   2.287396    , -0.2483027                      
        15,         5,        11,   1.900000    ,   36.46513    ,  0.8295891E-01,   3.204142    ,   36.46513    ,   3.204142    , -0.8295885E-01                  
        15,         6,         1,   0.000000    ,   37.11598    ,  0.9357327    ,  0.1002182    ,   37.11598    ,  0.1002182    , -0.9357327                      
        15,         6,         2,  0.1900000    ,   37.11995    ,   2.330071    ,  -1.095762    ,   37.11995    ,  -1.095762    ,  -2.330071                      
        15,         6,         3,  0.3800000    ,   37.12392    ,   3.245454    ,  -1.715079    ,   37.12392    ,  -1.715079    ,  -3.245454                      
        15,         6,         4,  0.5700000    ,   37.12789    ,   3.738717    ,  -1.857080    ,   37.12789    ,  -1.857080    ,  -3.738717                      
        15,         6,         5,  0.7600000    ,   37.13186    ,   3.866376    ,  -1.615964    ,   37.13186    ,  -1.615964    ,  -3.866376                      
        15,         6,         6,  0.9500000    ,   37.13583    ,   3.684622    ,  -1.080779    ,   37.13583    ,  -1.080779    ,  -3.684622                      
        15,         6,         7,   1.140000    ,   37.13980    ,   3.249319    , -0.3354272    ,   37.13980    , -0.3354272    ,  -3.249319                      
        15,         6,         8,   1.330000    ,   37.14376    ,   2.616009    ,  0.5413375    ,   37.14376    ,  0.5413375    ,  -2.616009                      
        15,         6,         9,   1.520000    ,   37.14773    ,   1.839909    ,   1.475911    ,   37.14773    ,   1.475911    ,  -1.839909                      
        15,         6,        10,   1.710000    ,   37.15170    ,  0.9759130    ,   2.399838    ,   37.15170    ,   2.399838    , -0.9759130                      
        15,         6,        11,   1.900000    ,   37.15567    ,  0.7858939E-01,   3.249808    ,   37.15567    ,   3.249808    , -0.7858934E-01                  
        15,        13,         1,   0.000000    ,   36.43346    ,  0.2662761    ,  0.5255977E-01,   36.43346    ,  0.5255977E-01, -0.2662761                      
        15,        13,         2,  0.2000000E-01,   36.43346    ,  0.2895993    , -0.1669988    ,   36.43346    , -0.1669988    , -0.2895993                      
        15,        13,         3,  0.4000000E-01,   36.43346    ,  0.3129209    , -0.3865317    ,   36.43346    , -0.3865317    , -0.3129209                      
        15,        13,         4,  0.6000000E-01,   36.43346    ,  0.3362411    , -0.6060444    ,   36.43346    , -0.6060444    , -0.3362411                      
        15,        13,         5,  0.8000000E-01,   36.43346    ,  0.3595605    , -0.8255415    ,   36.43346    , -0.8255415    , -0.3595605                      
        15,        13,         6,  0.1000000    ,   36.43346    ,  0.3828790    ,  -1.045027    ,   36.43346    ,  -1.045027    , -0.3828790                      
        15,        13,         7,  0.1200000    ,   36.43346    ,  0.4061971    ,  -1.264505    ,   36.43346    ,  -1.264505    , -0.4061971                      
        15,        13,         8,  0.1400000    ,   36.43346    ,  0.4295149    ,  -1.483977    ,   36.43346    ,  -1.483977    , -0.4295149                      
        15,        13,         9,  0.1600000    ,   36.43346    ,  0.4528325    ,  -1.703447    ,   36.43346    ,  -1.703447    , -0.4528325                      
        15,        13,        10,  0.1800000    ,   36.43346    ,  0.4761500    ,  -1.922916    ,   36.43346    ,  -1.922916    , -0.4761500                      
        15,        13,        11,  0.2000000    ,   36.43346    ,  0.4994675    ,  -2.142384    ,   36.43346    ,  -2.142384    , -0.4994675                      
        15,        14,         1,   0.000000    ,   37.12440    , -0.4894981    , -0.6710361E-01,   37.12440    , -0.6710361E-01,  0.4894981                      
        15,        14,         2,  0.2000000E-01,   37.12440    , -0.3217714    , -0.2768490    ,   37.12440    , -0.2768490    ,  0.3217714                      
        15,        14,         3,  0.4000000E-01,   37.12440    , -0.1540462    , -0.4865687    ,   37.12440    , -0.4865687    ,  0.1540462                      
        15,        14,         4,  0.6000000E-01,   37.12440    ,  0.1367772E-01, -0.6962683    ,   37.12440    , -0.6962683    , -0.1367772E-01                  
        15,        14,         5,  0.8000000E-01,   37.12440    ,  0.1814006    , -0.9059522    ,   37.12440    , -0.9059522    , -0.1814006                      
        15,        14,         6,  0.1000000    ,   37.12440    ,  0.3491228    ,  -1.115625    ,   37.12440    ,  -1.115625    , -0.3491228                      
        15,        14,         7,  0.1200000    ,   37.12440    ,  0.5168445    ,  -1.325289    ,   37.12440    ,  -1.325289    , -0.5168445                      
        15,        14,         8,  0.1400000    ,   37.12440    ,  0.6845659    ,  -1.534949    ,   37.12440    ,  -1.534949    , -0.6845659                      
        15,        14,         9,  0.1600000    ,   37.12440    ,  0.8522871    ,  -1.744605    ,   37.12440    ,  -1.744605    , -0.8522871                      
        15,        14,        10,  0.1800000    ,   37.12440    ,   1.020008    ,  -1.954260    ,   37.12440    ,  -1.954260    ,  -1.020008                      
        15,        14,        11,  0.2000000    ,   37.12440    ,   1.187729    ,  -2.163915    ,   37.12440    ,  -2.163915    ,  -1.187729                      
        15,        15,         1,   0.000000    ,   37.11598    , -0.8041543    ,   1.699655    ,   37.11598    ,   1.699655    ,  0.8041543                      
        15,        15,         2,  0.2000000E-01,   37.11598    , -0.6301640    ,   1.539685    ,   37.11598    ,   1.539685    ,  0.6301640                      
        15,        15,         3,  0.4000000E-01,   37.11598    , -0.4561736    ,   1.379716    ,   37.11598    ,   1.379716    ,  0.4561736                      
        15,        15,         4,  0.6000000E-01,   37.11598    , -0.2821834    ,   1.219747    ,   37.11598    ,   1.219747    ,  0.2821834                      
        15,        15,         5,  0.8000000E-01,   37.11598    , -0.1081933    ,   1.059782    ,   37.11598    ,   1.059782    ,  0.1081933                      
        15,        15,         6,  0.1000000    ,   37.11598    ,  0.6579639E-01,  0.8998215    ,   37.11598    ,  0.8998215    , -0.6579639E-01                  
        15,        15,         7,  0.1200000    ,   37.11598    ,  0.2397857    ,  0.7398691    ,   37.11598    ,  0.7398691    , -0.2397857                      
        15,        15,         8,  0.1400000    ,   37.11598    ,  0.4137742    ,  0.5799282    ,   37.11598    ,  0.5799282    , -0.4137742                      
        15,        15,         9,  0.1600000    ,   37.11598    ,  0.5877618    ,  0.4200028    ,   37.11598    ,  0.4200028    , -0.5877618                      
        15,        15,        10,  0.1800000    ,   37.11598    ,  0.7617480    ,  0.2600977    ,   37.11598    ,  0.2600977    , -0.7617480                      
        15,        15,        11,  0.2000000    ,   37.11598    ,  0.9357327    ,  0.1002182    ,   37.11598    ,  0.1002182    , -0.9357327                      
        15,        16,         1,   0.000000    ,   36.42551    , -0.1340272    ,   1.714691    ,   36.42551    ,   1.714691    ,  0.1340272                      
        15,        16,         2,  0.2000000E-01,   36.42551    , -0.9742239E-01,   1.542824    ,   36.42551    ,   1.542824    ,  0.9742239E-01                  
        15,        16,         3,  0.4000000E-01,   36.42551    , -0.6081756E-01,   1.370957    ,   36.42551    ,   1.370957    ,  0.6081756E-01                  
        15,        16,         4,  0.6000000E-01,   36.42551    , -0.2421282E-01,   1.199093    ,   36.42551    ,   1.199093    ,  0.2421282E-01                  
        15,        16,         5,  0.8000000E-01,   36.42551    ,  0.1239174E-01,   1.027230    ,   36.42551    ,   1.027230    , -0.1239174E-01                  
        15,        16,         6,  0.1000000    ,   36.42551    ,  0.4899598E-01,  0.8553734    ,   36.42551    ,  0.8553734    , -0.4899598E-01                  
        15,        16,         7,  0.1200000    ,   36.42551    ,  0.8559972E-01,  0.6835243    ,   36.42551    ,  0.6835243    , -0.8559972E-01                  
        15,        16,         8,  0.1400000    ,   36.42551    ,  0.1222027    ,  0.5116866    ,   36.42551    ,  0.5116866    , -0.1222027                      
        15,        16,         9,  0.1600000    ,   36.42551    ,  0.1588048    ,  0.3398646    ,   36.42551    ,  0.3398646    , -0.1588048                      
        15,        16,        10,  0.1800000    ,   36.42551    ,  0.1954055    ,  0.1680628    ,   36.42551    ,  0.1680628    , -0.1954055                      
        15,        16,        11,  0.2000000    ,   36.42551    ,  0.2320047    , -0.3713491E-02,   36.42551    , -0.3713491E-02, -0.2320047                      
        15,        21,         1,   0.000000    ,   36.46513    ,  0.8295891E-01,   3.204142    ,   36.46513    ,   3.204142    , -0.8295895E-01                  
        15,        21,         2,  0.1900000    ,   36.46197    , -0.6391852E-01,   4.018454    ,   36.46197    ,   4.018454    ,  0.6391846E-01                  
        15,        21,         3,  0.3800000    ,   36.45880    , -0.1793114    ,   4.700933    ,   36.45880    ,   4.700933    ,  0.1793113                      
        15,        21,         4,  0.5700000    ,   36.45563    , -0.2606914    ,   5.197882    ,   36.45563    ,   5.197882    ,  0.2606914                      
        15,        21,         5,  0.7600000    ,   36.45247    , -0.3058547    ,   5.460758    ,   36.45247    ,   5.460758    ,  0.3058546                      
        15,        21,         6,  0.9500000    ,   36.44930    , -0.3129216    ,   5.446162    ,   36.44930    ,   5.446162    ,  0.3129216                      
        15,        21,         7,   1.140000    ,   36.44613    , -0.2803368    ,   5.115843    ,   36.44613    ,   5.115843    ,  0.2803368                      
        15,        21,         8,   1.330000    ,   36.44296    , -0.2068692    ,   4.436703    ,   36.44296    ,   4.436703    ,  0.2068692                      
        15,        21,         9,   1.520000    ,   36.43980    , -0.9161208E-01,   3.380786    ,   36.43980    ,   3.380786    ,  0.9161203E-01                  
        15,        21,        10,   1.710000    ,   36.43663    ,  0.6601703E-01,   1.925290    ,   36.43663    ,   1.925290    , -0.6601708E-01                  
        15,        21,        11,   1.900000    ,   36.43346    ,  0.2662761    ,  0.5255977E-01,   36.43346    ,  0.5255978E-01, -0.2662762                      
        15,        22,         1,   0.000000    ,   37.15567    ,  0.7858939E-01,   3.249808    ,   37.15567    ,   3.249808    , -0.7858945E-01                  
        15,        22,         2,  0.1900000    ,   37.15254    , -0.8074811    ,   3.996129    ,   37.15254    ,   3.996129    ,  0.8074811                      
        15,        22,         3,  0.3800000    ,   37.14942    ,  -1.640569    ,   4.612704    ,   37.14942    ,   4.612704    ,   1.640569                      
        15,        22,         4,  0.5700000    ,   37.14629    ,  -2.370869    ,   5.049342    ,   37.14629    ,   5.049342    ,   2.370869                      
        15,        22,         5,  0.7600000    ,   37.14316    ,  -2.948904    ,   5.261004    ,   37.14316    ,   5.261004    ,   2.948904                      
        15,        22,         6,  0.9500000    ,   37.14003    ,  -3.325516    ,   5.207799    ,   37.14003    ,   5.207799    ,   3.325516                      
        15,        22,         7,   1.140000    ,   37.13691    ,  -3.451874    ,   4.854980    ,   37.13691    ,   4.854980    ,   3.451874                      
        15,        22,         8,   1.330000    ,   37.13378    ,  -3.279472    ,   4.172954    ,   37.13378    ,   4.172954    ,   3.279472                      
        15,        22,         9,   1.520000    ,   37.13065    ,  -2.760127    ,   3.137272    ,   37.13065    ,   3.137272    ,   2.760127                      
        15,        22,        10,   1.710000    ,   37.12753    ,  -1.845980    ,   1.728636    ,   37.12753    ,   1.728636    ,   1.845980                      
        15,        22,        11,   1.900000    ,   37.12440    , -0.4894981    , -0.6710361E-01,   37.12440    , -0.6710360E-01,  0.4894981                      
        16,         5,         1,   0.000000    ,   38.92685    ,  0.8928141    , -0.4961241E-01,   38.92685    , -0.4961242E-01, -0.8928140                      
        16,         5,         2,  0.1900000    ,   38.93005    ,   1.150598    ,  -2.245677    ,   38.93005    ,  -2.245677    ,  -1.150598                      
        16,         5,         3,  0.3800000    ,   38.93323    ,   1.373369    ,  -4.058084    ,   38.93323    ,  -4.058084    ,  -1.373369                      
        16,         5,         4,  0.5700000    ,   38.93640    ,   1.550365    ,  -5.479374    ,   38.93640    ,  -5.479374    ,  -1.550365                      
        16,         5,         5,  0.7600000    ,   38.93955    ,   1.674064    ,  -6.510304    ,   38.93955    ,  -6.510304    ,  -1.674064                      
        16,         5,         6,  0.9500000    ,   38.94268    ,   1.740189    ,  -7.159848    ,   38.94268    ,  -7.159848    ,  -1.740189                      
        16,         5,         7,   1.140000    ,   38.94581    ,   1.747704    ,  -7.445187    ,   38.94581    ,  -7.445187    ,  -1.747704                      
        16,         5,         8,   1.330000    ,   38.94892    ,   1.698819    ,  -7.391718    ,   38.94892    ,  -7.391718    ,  -1.698819                      
        16,         5,         9,   1.520000    ,   38.95201    ,   1.598984    ,  -7.033052    ,   38.95201    ,  -7.033052    ,  -1.598984                      
        16,         5,        10,   1.710000    ,   38.95509    ,   1.456895    ,  -6.411011    ,   38.95509    ,  -6.411011    ,  -1.456895                      
        16,         5,        11,   1.900000    ,   38.95816    ,   1.284487    ,  -5.575634    ,   38.95816    ,  -5.575634    ,  -1.284487                      
        16,         6,         1,   0.000000    ,   39.65111    ,   1.714575    ,  0.7030622E-01,   39.65111    ,  0.7030621E-01,  -1.714575                      
        16,         6,         2,  0.1900000    ,   39.65443    ,   3.262385    ,  -2.038286    ,   39.65443    ,  -2.038286    ,  -3.262385                      
        16,         6,         3,  0.3800000    ,   39.65773    ,   4.325036    ,  -3.795591    ,   39.65773    ,  -3.795591    ,  -4.325036                      
        16,         6,         4,  0.5700000    ,   39.66102    ,   4.946262    ,  -5.190493    ,   39.66102    ,  -5.190493    ,  -4.946262                      
        16,         6,         5,  0.7600000    ,   39.66430    ,   5.173044    ,  -6.220090    ,   39.66430    ,  -6.220090    ,  -5.173044                      
        16,         6,         6,  0.9500000    ,   39.66755    ,   5.055604    ,  -6.889696    ,   39.66755    ,  -6.889696    ,  -5.055604                      
        16,         6,         7,   1.140000    ,   39.67080    ,   4.647409    ,  -7.212838    ,   39.67080    ,  -7.212838    ,  -4.647409                      
        16,         6,         8,   1.330000    ,   39.67403    ,   4.005169    ,  -7.211252    ,   39.67403    ,  -7.211252    ,  -4.005169                      
        16,         6,         9,   1.520000    ,   39.67725    ,   3.188833    ,  -6.914894    ,   39.67725    ,  -6.914894    ,  -3.188833                      
        16,         6,        10,   1.710000    ,   39.68045    ,   2.261599    ,  -6.361925    ,   39.68045    ,  -6.361925    ,  -2.261599                      
        16,         6,        11,   1.900000    ,   39.68364    ,   1.289903    ,  -5.598727    ,   39.68364    ,  -5.598727    ,  -1.289903                      
        16,        13,         1,   0.000000    ,   38.91221    ,  0.9596519    ,  0.1033380E-01,   38.91221    ,  0.1033380E-01, -0.9596519                      
        16,        13,         2,  0.2000000E-01,   38.91221    ,   1.000303    , -0.1581834    ,   38.91221    , -0.1581834    ,  -1.000303                      
        16,        13,         3,  0.4000000E-01,   38.91222    ,   1.040969    , -0.3267416    ,   38.91222    , -0.3267416    ,  -1.040969                      
        16,        13,         4,  0.6000000E-01,   38.91222    ,   1.081649    , -0.4953320    ,   38.91222    , -0.4953320    ,  -1.081649                      
        16,        13,         5,  0.8000000E-01,   38.91222    ,   1.122338    , -0.6639473    ,   38.91222    , -0.6639473    ,  -1.122338                      
        16,        13,         6,  0.1000000    ,   38.91222    ,   1.163034    , -0.8325809    ,   38.91222    , -0.8325809    ,  -1.163034                      
        16,        13,         7,  0.1200000    ,   38.91222    ,   1.203736    ,  -1.001227    ,   38.91222    ,  -1.001227    ,  -1.203736                      
        16,        13,         8,  0.1400000    ,   38.91222    ,   1.244440    ,  -1.169882    ,   38.91222    ,  -1.169882    ,  -1.244440                      
        16,        13,         9,  0.1600000    ,   38.91222    ,   1.285147    ,  -1.338540    ,   38.91222    ,  -1.338540    ,  -1.285147                      
        16,        13,        10,  0.1800000    ,   38.91222    ,   1.325854    ,  -1.507201    ,   38.91222    ,  -1.507201    ,  -1.325854                      
        16,        13,        11,  0.2000000    ,   38.91222    ,   1.366562    ,  -1.675863    ,   38.91222    ,  -1.675863    ,  -1.366562                      
        16,        14,         1,   0.000000    ,   39.63940    ,  0.2189801    , -0.1076014    ,   39.63940    , -0.1076014    , -0.2189801                      
        16,        14,         2,  0.2000000E-01,   39.63940    ,  0.4008743    , -0.2638780    ,   39.63940    , -0.2638780    , -0.4008743                      
        16,        14,         3,  0.4000000E-01,   39.63940    ,  0.5827848    , -0.4201956    ,   39.63940    , -0.4201956    , -0.5827848                      
        16,        14,         4,  0.6000000E-01,   39.63940    ,  0.7647079    , -0.5765455    ,   39.63940    , -0.5765455    , -0.7647079                      
        16,        14,         5,  0.8000000E-01,   39.63941    ,  0.9466408    , -0.7329202    ,   39.63941    , -0.7329202    , -0.9466408                      
        16,        14,         6,  0.1000000    ,   39.63940    ,   1.128581    , -0.8893131    ,   39.63940    , -0.8893131    ,  -1.128581                      
        16,        14,         7,  0.1200000    ,   39.63941    ,   1.310526    ,  -1.045719    ,   39.63941    ,  -1.045719    ,  -1.310526                      
        16,        14,         8,  0.1400000    ,   39.63941    ,   1.492475    ,  -1.202133    ,   39.63941    ,  -1.202133    ,  -1.492475                      
        16,        14,         9,  0.1600000    ,   39.63941    ,   1.674425    ,  -1.358551    ,   39.63941    ,  -1.358551    ,  -1.674425                      
        16,        14,        10,  0.1800000    ,   39.63941    ,   1.856376    ,  -1.514971    ,   39.63941    ,  -1.514971    ,  -1.856376                      
        16,        14,        11,  0.2000000    ,   39.63941    ,   2.038327    ,  -1.671393    ,   39.63941    ,  -1.671393    ,  -2.038327                      
        16,        15,         1,   0.000000    ,   39.65112    , -0.1840436    ,   2.467445    ,   39.65112    ,   2.467445    ,  0.1840436                      
        16,        15,         2,  0.2000000E-01,   39.65112    ,  0.5801645E-02,   2.227773    ,   39.65112    ,   2.227773    , -0.5801645E-02                  
        16,        15,         3,  0.4000000E-01,   39.65112    ,  0.1956471    ,   1.988101    ,   39.65112    ,   1.988101    , -0.1956471                      
        16,        15,         4,  0.6000000E-01,   39.65112    ,  0.3854934    ,   1.748426    ,   39.65112    ,   1.748426    , -0.3854934                      
        16,        15,         5,  0.8000000E-01,   39.65112    ,  0.5753415    ,   1.508747    ,   39.65112    ,   1.508747    , -0.5753415                      
        16,        15,         6,  0.1000000    ,   39.65111    ,  0.7651928    ,   1.269060    ,   39.65111    ,   1.269060    , -0.7651928                      
        16,        15,         7,  0.1200000    ,   39.65112    ,  0.9550492    ,   1.029359    ,   39.65112    ,   1.029359    , -0.9550492                      
        16,        15,         8,  0.1400000    ,   39.65112    ,   1.144913    ,  0.7896411    ,   39.65112    ,  0.7896411    ,  -1.144913                      
        16,        15,         9,  0.1600000    ,   39.65112    ,   1.334786    ,  0.5498981    ,   39.65112    ,  0.5498981    ,  -1.334786                      
        16,        15,        10,  0.1800000    ,   39.65111    ,   1.524672    ,  0.3101227    ,   39.65111    ,  0.3101227    ,  -1.524672                      
        16,        15,        11,  0.2000000    ,   39.65111    ,   1.714575    ,  0.7030622E-01,   39.65111    ,  0.7030622E-01,  -1.714575                      
        16,        16,         1,   0.000000    ,   38.92686    ,  0.6081631    ,   2.457924    ,   38.92686    ,   2.457924    , -0.6081631                      
        16,        16,         2,  0.2000000E-01,   38.92686    ,  0.6366116    ,   2.207212    ,   38.92686    ,   2.207212    , -0.6366116                      
        16,        16,         3,  0.4000000E-01,   38.92686    ,  0.6650603    ,   1.956500    ,   38.92686    ,   1.956500    , -0.6650603                      
        16,        16,         4,  0.6000000E-01,   38.92686    ,  0.6935099    ,   1.705786    ,   38.92686    ,   1.705786    , -0.6935099                      
        16,        16,         5,  0.8000000E-01,   38.92686    ,  0.7219614    ,   1.455067    ,   38.92686    ,   1.455067    , -0.7219614                      
        16,        16,         6,  0.1000000    ,   38.92685    ,  0.7504160    ,   1.204340    ,   38.92685    ,   1.204340    , -0.7504160                      
        16,        16,         7,  0.1200000    ,   38.92686    ,  0.7788756    ,  0.9535998    ,   38.92686    ,  0.9535998    , -0.7788756                      
        16,        16,         8,  0.1400000    ,   38.92686    ,  0.8073425    ,  0.7028417    ,   38.92686    ,  0.7028417    , -0.8073425                      
        16,        16,         9,  0.1600000    ,   38.92686    ,  0.8358191    ,  0.4520589    ,   38.92686    ,  0.4520589    , -0.8358191                      
        16,        16,        10,  0.1800000    ,   38.92685    ,  0.8643085    ,  0.2012438    ,   38.92685    ,  0.2012438    , -0.8643085                      
        16,        16,        11,  0.2000000    ,   38.92685    ,  0.8928141    , -0.4961241E-01,   38.92685    , -0.4961241E-01, -0.8928141                      
        16,        21,         1,   0.000000    ,   38.95816    ,   1.284487    ,  -5.575634    ,   38.95816    ,  -5.575634    ,  -1.284487                      
        16,        21,         2,  0.1900000    ,   38.95363    ,   1.103540    ,  -4.554999    ,   38.95363    ,  -4.554999    ,  -1.103540                      
        16,        21,         3,  0.3800000    ,   38.94909    ,  0.9277941    ,  -3.388237    ,   38.94909    ,  -3.388237    , -0.9277942                      
        16,        21,         4,  0.5700000    ,   38.94453    ,  0.7619949    ,  -2.154275    ,   38.94453    ,  -2.154275    , -0.7619950                      
        16,        21,         5,  0.7600000    ,   38.93995    ,  0.6141323    , -0.9402549    ,   38.93995    , -0.9402549    , -0.6141324                      
        16,        21,         6,  0.9500000    ,   38.93536    ,  0.4954389    ,  0.1584699    ,   38.93536    ,  0.1584699    , -0.4954389                      
        16,        21,         7,   1.140000    ,   38.93076    ,  0.4203897    ,   1.038332    ,   38.93076    ,   1.038332    , -0.4203897                      
        16,        21,         8,   1.330000    ,   38.92615    ,  0.4067034    ,   1.587549    ,   38.92615    ,   1.587549    , -0.4067035                      
        16,        21,         9,   1.520000    ,   38.92152    ,  0.4753416    ,   1.686129    ,   38.92152    ,   1.686129    , -0.4753417                      
        16,        21,        10,   1.710000    ,   38.91687    ,  0.6505087    ,   1.205864    ,   38.91687    ,   1.205864    , -0.6505088                      
        16,        21,        11,   1.900000    ,   38.91221    ,  0.9596519    ,  0.1033380E-01,   38.91221    ,  0.1033381E-01, -0.9596520                      
        16,        22,         1,   0.000000    ,   39.68364    ,   1.289903    ,  -5.598727    ,   39.68364    ,  -5.598727    ,  -1.289903                      
        16,        22,         2,  0.1900000    ,   39.67928    ,  0.3288660    ,  -4.649949    ,   39.67928    ,  -4.649949    , -0.3288660                      
        16,        22,         3,  0.3800000    ,   39.67491    , -0.5826513    ,  -3.551222    ,   39.67491    ,  -3.551222    ,  0.5826513                      
        16,        22,         4,  0.5700000    ,   39.67052    ,  -1.397732    ,  -2.377709    ,   39.67052    ,  -2.377709    ,   1.397732                      
        16,        22,         5,  0.7600000    ,   39.66612    ,  -2.066216    ,  -1.212785    ,   39.66612    ,  -1.212785    ,   2.066216                      
        16,        22,         6,  0.9500000    ,   39.66170    ,  -2.534700    , -0.1480426    ,   39.66170    , -0.1480426    ,   2.534700                      
        16,        22,         7,   1.140000    ,   39.65727    ,  -2.746539    ,  0.7167170    ,   39.65727    ,  0.7167170    ,   2.746539                      
        16,        22,         8,   1.330000    ,   39.65282    ,  -2.641844    ,   1.273477    ,   39.65282    ,   1.273477    ,   2.641844                      
        16,        22,         9,   1.520000    ,   39.64837    ,  -2.157483    ,   1.406008    ,   39.64837    ,   1.406008    ,   2.157483                      
        16,        22,        10,   1.710000    ,   39.64389    ,  -1.227080    ,  0.9898666    ,   39.64389    ,  0.9898666    ,   1.227080                      
        16,        22,        11,   1.900000    ,   39.63940    ,  0.2189801    , -0.1076014    ,   39.63940    , -0.1076014    , -0.2189802                      
         0,         0,         0,   0.000000    ,   0.000000    ,   0.000000    ,   0.000000    ,   0.000000    ,   0.000000    ,   0.000000    
MEMBER INTERMEDIATE FORCES AND MOMENTS
        11,         5,         1,   0.000000    ,  0.3407092E-01,  0.2711282    ,  0.3181041E-02, -0.2616720E-03, -0.3669351E-02, -0.1557640                      
        11,         5,         2,  0.1900000    ,  0.3407092E-01,  0.2465863    ,  0.3181041E-02, -0.2616720E-03, -0.3064954E-02, -0.1065811                      
        11,         5,         3,  0.3800000    ,  0.3407092E-01,  0.2220444    ,  0.3181041E-02, -0.2616720E-03, -0.2460556E-02, -0.6206121E-01                  
        11,         5,         4,  0.5700000    ,  0.3407092E-01,  0.1975024    ,  0.3181041E-02, -0.2616720E-03, -0.1856158E-02, -0.2220426E-01                  
        11,         5,         5,  0.7600000    ,  0.3407092E-01,  0.1729605    ,  0.3181041E-02, -0.2616720E-03, -0.1251760E-02,  0.1298971E-01                  
        11,         5,         6,  0.9500000    ,  0.3407092E-01,  0.1484186    ,  0.3181041E-02, -0.2616720E-03, -0.6473628E-03,  0.4352073E-01                  
        11,         5,         7,   1.140000    ,  0.3407092E-01,  0.1238766    ,  0.3181041E-02, -0.2616720E-03, -0.4296505E-04,  0.6938877E-01                  
        11,         5,         8,   1.330000    ,  0.3407092E-01,  0.9933472E-01,  0.3181041E-02, -0.2616720E-03,  0.5614325E-03,  0.9059384E-01                  
        11,         5,         9,   1.520000    ,  0.3407092E-01,  0.7479277E-01,  0.3181041E-02, -0.2616720E-03,  0.1165830E-02,  0.1071359                      
        11,         5,        10,   1.710000    ,  0.3407092E-01,  0.5025082E-01,  0.3181041E-02, -0.2616720E-03,  0.1770228E-02,  0.1190151                      
        11,         5,        11,   1.900000    ,  0.3407092E-01,  0.2570891E-01,  0.3181041E-02, -0.2616720E-03,  0.2374626E-02,  0.1262313                      
        11,         6,         1,   0.000000    ,  0.3967744E-01,  0.2713058    ,  0.1205337E-02,  0.7082029E-03, -0.1187843E-02, -0.1547222                      
        11,         6,         2,  0.1900000    ,  0.3967744E-01,  0.2467639    ,  0.1205337E-02,  0.7082029E-03, -0.9588292E-03, -0.1055056                      
        11,         6,         3,  0.3800000    ,  0.3967744E-01,  0.2222219    ,  0.1205337E-02,  0.7082029E-03, -0.7298152E-03, -0.6095193E-01                  
        11,         6,         4,  0.5700000    ,  0.3967744E-01,  0.1976800    ,  0.1205337E-02,  0.7082029E-03, -0.5008010E-03, -0.2106124E-01                  
        11,         6,         5,  0.7600000    ,  0.3967744E-01,  0.1731381    ,  0.1205337E-02,  0.7082029E-03, -0.2717869E-03,  0.1416647E-01                  
        11,         6,         6,  0.9500000    ,  0.3967744E-01,  0.1485961    ,  0.1205337E-02,  0.7082029E-03, -0.4277281E-04,  0.4473121E-01                  
        11,         6,         7,   1.140000    ,  0.3967744E-01,  0.1240542    ,  0.1205337E-02,  0.7082029E-03,  0.1862413E-03,  0.7063299E-01                  
        11,         6,         8,   1.330000    ,  0.3967744E-01,  0.9951228E-01,  0.1205337E-02,  0.7082029E-03,  0.4152553E-03,  0.9187181E-01                  
        11,         6,         9,   1.520000    ,  0.3967744E-01,  0.7497033E-01,  0.1205337E-02,  0.7082029E-03,  0.6442695E-03,  0.1084476                      
        11,         6,        10,   1.710000    ,  0.3967744E-01,  0.5042839E-01,  0.1205337E-02,  0.7082029E-03,  0.8732837E-03,  0.1203605                      
        11,         6,        11,   1.900000    ,  0.3967744E-01,  0.2588647E-01,  0.1205337E-02,  0.7082029E-03,  0.1102298E-02,  0.1276105                      
        11,        13,         1,   0.000000    , -0.1776357E-14,  0.2583361E-01,  0.2933743E-16,  0.2764716E-16, -0.2410766E-15, -0.2583361E-02                  
        11,        13,         2,  0.2000000E-01, -0.1776357E-14,  0.2325025E-01,  0.2917924E-16,  0.2764716E-16, -0.2132910E-15, -0.2092523E-02                  
        11,        13,         3,  0.4000000E-01, -0.1776357E-14,  0.2066689E-01,  0.2902106E-16,  0.2764716E-16, -0.1855085E-15, -0.1653351E-02                  
        11,        13,         4,  0.6000000E-01, -0.1776357E-14,  0.1808353E-01,  0.2886287E-16,  0.2764716E-16, -0.1577292E-15, -0.1265847E-02                  
        11,        13,         5,  0.8000000E-01, -0.1776357E-14,  0.1550017E-01,  0.2870469E-16,  0.2764716E-16, -0.1299531E-15, -0.9300101E-03                  
        11,        13,         6,  0.1000000    , -0.1776357E-14,  0.1291681E-01,  0.2854650E-16,  0.2764716E-16, -0.1021801E-15, -0.6458404E-03                  
        11,        13,         7,  0.1200000    , -0.1776357E-14,  0.1033344E-01,  0.2838832E-16,  0.2764716E-16, -0.7441024E-16, -0.4133378E-03                  
        11,        13,         8,  0.1400000    , -0.1776357E-14,  0.7750084E-02,  0.2823013E-16,  0.2764716E-16, -0.4664358E-16, -0.2325024E-03                  
        11,        13,         9,  0.1600000    , -0.1776357E-14,  0.5166723E-02,  0.2807194E-16,  0.2764716E-16, -0.1888007E-16, -0.1033344E-03                  
        11,        13,        10,  0.1800000    , -0.1776357E-14,  0.2583363E-02,  0.2791376E-16,  0.2764716E-16,  0.8880214E-17, -0.2583347E-04                  
        11,        13,        11,  0.2000000    , -0.1776357E-14, -0.4579670E-15,  0.2775558E-16,  0.2764716E-16,  0.3663738E-16, -0.6938894E-17                  
        11,        14,         1,   0.000000    , -0.2053913E-14,  0.2583361E-01, -0.1125988E-14,  0.1169854E-15, -0.9570675E-16, -0.2583361E-02                  
        11,        14,         2,  0.2000000E-01, -0.2053913E-14,  0.2325025E-01, -0.1126147E-14,  0.1169854E-15, -0.8613571E-16, -0.2092523E-02                  
        11,        14,         3,  0.4000000E-01, -0.2053913E-14,  0.2066689E-01, -0.1126305E-14,  0.1169854E-15, -0.7656785E-16, -0.1653351E-02                  
        11,        14,         4,  0.6000000E-01, -0.2053913E-14,  0.1808353E-01, -0.1126463E-14,  0.1169854E-15, -0.6700315E-16, -0.1265847E-02                  
        11,        14,         5,  0.8000000E-01, -0.2053913E-14,  0.1550017E-01, -0.1126621E-14,  0.1169854E-15, -0.5744161E-16, -0.9300101E-03                  
        11,        14,         6,  0.1000000    , -0.2053913E-14,  0.1291681E-01, -0.1126779E-14,  0.1169854E-15, -0.4788322E-16, -0.6458404E-03                  
        11,        14,         7,  0.1200000    , -0.2053913E-14,  0.1033344E-01, -0.1126938E-14,  0.1169854E-15, -0.3832799E-16, -0.4133378E-03                  
        11,        14,         8,  0.1400000    , -0.2053913E-14,  0.7750084E-02, -0.1127096E-14,  0.1169854E-15, -0.2877593E-16, -0.2325024E-03                  
        11,        14,         9,  0.1600000    , -0.2053913E-14,  0.5166723E-02, -0.1127254E-14,  0.1169854E-15, -0.1922707E-16, -0.1033344E-03                  
        11,        14,        10,  0.1800000    , -0.2053913E-14,  0.2583363E-02, -0.1127412E-14,  0.1169854E-15, -0.9681348E-17, -0.2583347E-04                  
        11,        14,        11,  0.2000000    , -0.2053913E-14, -0.4107825E-14, -0.1127570E-14,  0.1169854E-15, -0.1387811E-18, -0.4128642E-15                  
        11,        15,         1,   0.000000    ,  0.2775558E-15, -0.3013215E-14, -0.7806256E-16,  0.1588356E-15, -0.3122503E-17,  0.2733274E-15                  
        11,        15,         2,  0.2000000E-01,  0.2775558E-15, -0.2583361E-02, -0.7822074E-16,  0.1588356E-15, -0.2289993E-16, -0.2583361E-04                  
        11,        15,         3,  0.4000000E-01,  0.2775558E-15, -0.5166722E-02, -0.7837893E-16,  0.1588356E-15, -0.4268052E-16, -0.1033344E-03                  
        11,        15,         4,  0.6000000E-01,  0.2775558E-15, -0.7750083E-02, -0.7853711E-16,  0.1588356E-15, -0.6246428E-16, -0.2325025E-03                  
        11,        15,         5,  0.8000000E-01,  0.2775558E-15, -0.1033344E-01, -0.7869530E-16,  0.1588356E-15, -0.8225119E-16, -0.4133378E-03                  
        11,        15,         6,  0.1000000    ,  0.2775558E-15, -0.1291681E-01, -0.7885348E-16,  0.1588356E-15, -0.1020413E-15, -0.6458402E-03                  
        11,        15,         7,  0.1200000    ,  0.2775558E-15, -0.1550017E-01, -0.7901167E-16,  0.1588356E-15, -0.1218345E-15, -0.9300100E-03                  
        11,        15,         8,  0.1400000    ,  0.2775558E-15, -0.1808353E-01, -0.7916985E-16,  0.1588356E-15, -0.1416309E-15, -0.1265847E-02                  
        11,        15,         9,  0.1600000    ,  0.2775558E-15, -0.2066689E-01, -0.7932804E-16,  0.1588356E-15, -0.1614305E-15, -0.1653351E-02                  
        11,        15,        10,  0.1800000    ,  0.2775558E-15, -0.2325025E-01, -0.7948623E-16,  0.1588356E-15, -0.1812333E-15, -0.2092522E-02                  
        11,        15,        11,  0.2000000    ,  0.2775558E-15, -0.2583361E-01, -0.7964441E-16,  0.1588356E-15, -0.2010392E-15, -0.2583361E-02                  
        11,        16,         1,   0.000000    ,   0.000000    , -0.2216977E-14,  0.1110223E-15, -0.1058181E-15,  0.8326673E-16,  0.2851452E-15                  
        11,        16,         2,  0.2000000E-01,   0.000000    , -0.2583361E-02,  0.1108641E-15, -0.1058181E-15,  0.5828512E-16, -0.2583361E-04                  
        11,        16,         3,  0.4000000E-01,   0.000000    , -0.5166722E-02,  0.1107059E-15, -0.1058181E-15,  0.3330036E-16, -0.1033344E-03                  
        11,        16,         4,  0.6000000E-01,   0.000000    , -0.7750083E-02,  0.1105477E-15, -0.1058181E-15,  0.8312437E-17, -0.2325025E-03                  
        11,        16,         5,  0.8000000E-01,   0.000000    , -0.1033344E-01,  0.1103896E-15, -0.1058181E-15, -0.1667865E-16, -0.4133378E-03                  
        11,        16,         6,  0.1000000    ,   0.000000    , -0.1291681E-01,  0.1102314E-15, -0.1058181E-15, -0.4167290E-16, -0.6458402E-03                  
        11,        16,         7,  0.1200000    ,   0.000000    , -0.1550017E-01,  0.1100732E-15, -0.1058181E-15, -0.6667033E-16, -0.9300100E-03                  
        11,        16,         8,  0.1400000    ,   0.000000    , -0.1808353E-01,  0.1099150E-15, -0.1058181E-15, -0.9167090E-16, -0.1265847E-02                  
        11,        16,         9,  0.1600000    ,   0.000000    , -0.2066689E-01,  0.1097568E-15, -0.1058181E-15, -0.1166747E-15, -0.1653351E-02                  
        11,        16,        10,  0.1800000    ,   0.000000    , -0.2325025E-01,  0.1095986E-15, -0.1058181E-15, -0.1416816E-15, -0.2092522E-02                  
        11,        16,        11,  0.2000000    ,   0.000000    , -0.2583361E-01,  0.1094404E-15, -0.1058181E-15, -0.1666916E-15, -0.2583361E-02                  
        11,        21,         1,   0.000000    ,  0.3407092E-01, -0.2570891E-01, -0.3181041E-02,  0.2616720E-03,  0.2374626E-02,  0.1262313                      
        11,        21,         2,  0.1900000    ,  0.3407092E-01, -0.5025084E-01, -0.3181041E-02,  0.2616720E-03,  0.1770228E-02,  0.1190151                      
        11,        21,         3,  0.3800000    ,  0.3407092E-01, -0.7479277E-01, -0.3181041E-02,  0.2616720E-03,  0.1165830E-02,  0.1071360                      
        11,        21,         4,  0.5700000    ,  0.3407092E-01, -0.9933471E-01, -0.3181041E-02,  0.2616720E-03,  0.5614326E-03,  0.9059384E-01                  
        11,        21,         5,  0.7600000    ,  0.3407092E-01, -0.1238766    , -0.3181041E-02,  0.2616720E-03, -0.4296509E-04,  0.6938878E-01                  
        11,        21,         6,  0.9500000    ,  0.3407092E-01, -0.1484186    , -0.3181041E-02,  0.2616720E-03, -0.6473628E-03,  0.4352073E-01                  
        11,        21,         7,   1.140000    ,  0.3407092E-01, -0.1729605    , -0.3181041E-02,  0.2616720E-03, -0.1251761E-02,  0.1298971E-01                  
        11,        21,         8,   1.330000    ,  0.3407092E-01, -0.1975024    , -0.3181041E-02,  0.2616720E-03, -0.1856158E-02, -0.2220425E-01                  
        11,        21,         9,   1.520000    ,  0.3407092E-01, -0.2220444    , -0.3181041E-02,  0.2616720E-03, -0.2460556E-02, -0.6206120E-01                  
        11,        21,        10,   1.710000    ,  0.3407092E-01, -0.2465863    , -0.3181041E-02,  0.2616720E-03, -0.3064954E-02, -0.1065811                      
        11,        21,        11,   1.900000    ,  0.3407092E-01, -0.2711282    , -0.3181041E-02,  0.2616720E-03, -0.3669351E-02, -0.1557640                      
        11,        22,         1,   0.000000    ,  0.3967744E-01, -0.2588647E-01, -0.1205337E-02, -0.7082029E-03,  0.1102298E-02,  0.1276105                      
        11,        22,         2,  0.1900000    ,  0.3967744E-01, -0.5042840E-01, -0.1205337E-02, -0.7082029E-03,  0.8732837E-03,  0.1203606                      
        11,        22,         3,  0.3800000    ,  0.3967744E-01, -0.7497033E-01, -0.1205337E-02, -0.7082029E-03,  0.6442696E-03,  0.1084477                      
        11,        22,         4,  0.5700000    ,  0.3967744E-01, -0.9951227E-01, -0.1205337E-02, -0.7082029E-03,  0.4152555E-03,  0.9187182E-01                  
        11,        22,         5,  0.7600000    ,  0.3967744E-01, -0.1240542    , -0.1205337E-02, -0.7082029E-03,  0.1862413E-03,  0.7063302E-01                  
        11,        22,         6,  0.9500000    ,  0.3967744E-01, -0.1485961    , -0.1205337E-02, -0.7082029E-03, -0.4277278E-04,  0.4473123E-01                  
        11,        22,         7,   1.140000    ,  0.3967744E-01, -0.1731381    , -0.1205337E-02, -0.7082029E-03, -0.2717869E-03,  0.1416648E-01                  
        11,        22,         8,   1.330000    ,  0.3967744E-01, -0.1976800    , -0.1205337E-02, -0.7082029E-03, -0.5008010E-03, -0.2106122E-01                  
        11,        22,         9,   1.520000    ,  0.3967744E-01, -0.2222220    , -0.1205337E-02, -0.7082029E-03, -0.7298151E-03, -0.6095191E-01                  
        11,        22,        10,   1.710000    ,  0.3967744E-01, -0.2467639    , -0.1205337E-02, -0.7082029E-03, -0.9588293E-03, -0.1055056                      
        11,        22,        11,   1.900000    ,  0.3967744E-01, -0.2713058    , -0.1205337E-02, -0.7082029E-03, -0.1187843E-02, -0.1547222                      
        12,         5,         1,   0.000000    ,  0.1649751    ,   1.089939    ,  0.1316183E-01, -0.2870031E-02, -0.1529007E-01, -0.6030992                      
        12,         5,         2,  0.1900000    ,  0.1649751    ,  0.9833079    ,  0.1316183E-01, -0.2870031E-02, -0.1278932E-01, -0.4061407                      
        12,         5,         3,  0.3800000    ,  0.1649751    ,  0.8766769    ,  0.1316183E-01, -0.2870031E-02, -0.1028858E-01, -0.2294423                      
        12,         5,         4,  0.5700000    ,  0.1649751    ,  0.7700458    ,  0.1316183E-01, -0.2870031E-02, -0.7787827E-02, -0.7300359E-01                  
        12,         5,         5,  0.7600000    ,  0.1649751    ,  0.6634148    ,  0.1316183E-01, -0.2870031E-02, -0.5287079E-02,  0.6317517E-01                  
        12,         5,         6,  0.9500000    ,  0.1649751    ,  0.5567837    ,  0.1316183E-01, -0.2870031E-02, -0.2786331E-02,  0.1790940                      
        12,         5,         7,   1.140000    ,  0.1649751    ,  0.4501526    ,  0.1316183E-01, -0.2870031E-02, -0.2855823E-03,  0.2747530                      
        12,         5,         8,   1.330000    ,  0.1649751    ,  0.3435217    ,  0.1316183E-01, -0.2870031E-02,  0.2215165E-02,  0.3501519                      
        12,         5,         9,   1.520000    ,  0.1649751    ,  0.2368906    ,  0.1316183E-01, -0.2870031E-02,  0.4715914E-02,  0.4052912                      
        12,         5,        10,   1.710000    ,  0.1649751    ,  0.1302595    ,  0.1316183E-01, -0.2870031E-02,  0.7216664E-02,  0.4401705                      
        12,         5,        11,   1.900000    ,  0.1649751    ,  0.2362845E-01,  0.1316183E-01, -0.2870031E-02,  0.9717411E-02,  0.4547898                      
        12,         6,         1,   0.000000    ,  0.1873058    ,   1.091045    ,  0.7219793E-02,  0.4421540E-02, -0.7905268E-02, -0.5994258                      
        12,         6,         2,  0.1900000    ,  0.1873058    ,  0.9844136    ,  0.7219793E-02,  0.4421540E-02, -0.6533508E-02, -0.4022572                      
        12,         6,         3,  0.3800000    ,  0.1873058    ,  0.8777826    ,  0.7219793E-02,  0.4421540E-02, -0.5161747E-02, -0.2253487                      
        12,         6,         4,  0.5700000    ,  0.1873058    ,  0.7711515    ,  0.7219793E-02,  0.4421540E-02, -0.3789986E-02, -0.6869990E-01                  
        12,         6,         5,  0.7600000    ,  0.1873058    ,  0.6645205    ,  0.7219793E-02,  0.4421540E-02, -0.2418226E-02,  0.6768893E-01                  
        12,         6,         6,  0.9500000    ,  0.1873058    ,  0.5578894    ,  0.7219793E-02,  0.4421540E-02, -0.1046465E-02,  0.1838178                      
        12,         6,         7,   1.140000    ,  0.1873058    ,  0.4512583    ,  0.7219793E-02,  0.4421540E-02,  0.3252956E-03,  0.2796869                      
        12,         6,         8,   1.330000    ,  0.1873058    ,  0.3446273    ,  0.7219793E-02,  0.4421540E-02,  0.1697056E-02,  0.3552960                      
        12,         6,         9,   1.520000    ,  0.1873058    ,  0.2379963    ,  0.7219793E-02,  0.4421540E-02,  0.3068817E-02,  0.4106453                      
        12,         6,        10,   1.710000    ,  0.1873058    ,  0.1313651    ,  0.7219793E-02,  0.4421540E-02,  0.4440578E-02,  0.4457347                      
        12,         6,        11,   1.900000    ,  0.1873058    ,  0.2473412E-01,  0.7219793E-02,  0.4421540E-02,  0.5812338E-02,  0.4605640                      
        12,        13,         1,   0.000000    ,   0.000000    ,  0.1122432    ,  0.6872915E-17,  0.1665335E-15, -0.1666022E-14, -0.1122432E-01                  
        12,        13,         2,  0.2000000E-01,   0.000000    ,  0.1010189    ,  0.6185623E-17,  0.1665335E-15, -0.1499358E-14, -0.9091700E-02                  
        12,        13,         3,  0.4000000E-01,   0.000000    ,  0.8979457E-01,  0.5498332E-17,  0.1665335E-15, -0.1332707E-14, -0.7183566E-02                  
        12,        13,         4,  0.6000000E-01,   0.000000    ,  0.7857025E-01,  0.4811040E-17,  0.1665335E-15, -0.1166071E-14, -0.5499918E-02                  
        12,        13,         5,  0.8000000E-01,   0.000000    ,  0.6734593E-01,  0.4123749E-17,  0.1665335E-15, -0.9994481E-15, -0.4040756E-02                  
        12,        13,         6,  0.1000000    ,   0.000000    ,  0.5612161E-01,  0.3436457E-17,  0.1665335E-15, -0.8328393E-15, -0.2806081E-02                  
        12,        13,         7,  0.1200000    ,   0.000000    ,  0.4489728E-01,  0.2749166E-17,  0.1665335E-15, -0.6662438E-15, -0.1795892E-02                  
        12,        13,         8,  0.1400000    ,   0.000000    ,  0.3367297E-01,  0.2061874E-17,  0.1665335E-15, -0.4996623E-15, -0.1010189E-02                  
        12,        13,         9,  0.1600000    ,   0.000000    ,  0.2244864E-01,  0.1374583E-17,  0.1665335E-15, -0.3330944E-15, -0.4489733E-03                  
        12,        13,        10,  0.1800000    ,   0.000000    ,  0.1122432E-01,  0.6872915E-18,  0.1665335E-15, -0.1665404E-15, -0.1122434E-03                  
        12,        13,        11,  0.2000000    ,   0.000000    ,  0.8437695E-14,  0.5238529E-30,  0.1665335E-15,   0.000000    ,  0.7216450E-15                  
        12,        14,         1,   0.000000    ,  0.2664535E-14,  0.1122432    , -0.3656863E-14,  0.3521489E-15, -0.1818122E-14, -0.1122432E-01                  
        12,        14,         2,  0.2000000E-01,  0.2664535E-14,  0.1010189    , -0.3657551E-14,  0.3521489E-15, -0.1598723E-14, -0.9091700E-02                  
        12,        14,         3,  0.4000000E-01,  0.2664535E-14,  0.8979457E-01, -0.3658238E-14,  0.3521489E-15, -0.1379337E-14, -0.7183566E-02                  
        12,        14,         4,  0.6000000E-01,  0.2664535E-14,  0.7857025E-01, -0.3658925E-14,  0.3521489E-15, -0.1159965E-14, -0.5499918E-02                  
        12,        14,         5,  0.8000000E-01,  0.2664535E-14,  0.6734593E-01, -0.3659612E-14,  0.3521489E-15, -0.9406065E-15, -0.4040756E-02                  
        12,        14,         6,  0.1000000    ,  0.2664535E-14,  0.5612161E-01, -0.3660300E-14,  0.3521489E-15, -0.7212616E-15, -0.2806081E-02                  
        12,        14,         7,  0.1200000    ,  0.2664535E-14,  0.4489728E-01, -0.3660987E-14,  0.3521489E-15, -0.5019308E-15, -0.1795892E-02                  
        12,        14,         8,  0.1400000    ,  0.2664535E-14,  0.3367297E-01, -0.3661674E-14,  0.3521489E-15, -0.2826138E-15, -0.1010189E-02                  
        12,        14,         9,  0.1600000    ,  0.2664535E-14,  0.2244864E-01, -0.3662362E-14,  0.3521489E-15, -0.6331021E-16, -0.4489733E-03                  
        12,        14,        10,  0.1800000    ,  0.2664535E-14,  0.1122432E-01, -0.3663049E-14,  0.3521489E-15,  0.1559794E-15, -0.1122434E-03                  
        12,        14,        11,  0.2000000    ,  0.2664535E-14, -0.5773160E-14, -0.3663736E-14,  0.3521489E-15,  0.3752553E-15, -0.5551115E-16                  
        12,        15,         1,   0.000000    , -0.8881784E-15, -0.1541822E-13, -0.4107825E-14,  0.6075869E-15,  0.5595524E-15,  0.1826447E-14                  
        12,        15,         2,  0.2000000E-01, -0.8881784E-15, -0.1122432E-01, -0.4108513E-14,  0.6075869E-15,  0.4263188E-15, -0.1122432E-03                  
        12,        15,         3,  0.4000000E-01, -0.8881784E-15, -0.2244864E-01, -0.4109200E-14,  0.6075869E-15,  0.2930714E-15, -0.4489728E-03                  
        12,        15,         4,  0.6000000E-01, -0.8881784E-15, -0.3367296E-01, -0.4109887E-14,  0.6075869E-15,  0.1598103E-15, -0.1010189E-02                  
        12,        15,         5,  0.8000000E-01, -0.8881784E-15, -0.4489728E-01, -0.4110574E-14,  0.6075869E-15,  0.2653542E-16, -0.1795891E-02                  
        12,        15,         6,  0.1000000    , -0.8881784E-15, -0.5612160E-01, -0.4111262E-14,  0.6075869E-15, -0.1067532E-15, -0.2806080E-02                  
        12,        15,         7,  0.1200000    , -0.8881784E-15, -0.6734592E-01, -0.4111949E-14,  0.6075869E-15, -0.2400555E-15, -0.4040755E-02                  
        12,        15,         8,  0.1400000    , -0.8881784E-15, -0.7857025E-01, -0.4112636E-14,  0.6075869E-15, -0.3733717E-15, -0.5499917E-02                  
        12,        15,         9,  0.1600000    , -0.8881784E-15, -0.8979456E-01, -0.4113324E-14,  0.6075869E-15, -0.5067015E-15, -0.7183565E-02                  
        12,        15,        10,  0.1800000    , -0.8881784E-15, -0.1010189    , -0.4114011E-14,  0.6075869E-15, -0.6400451E-15, -0.9091699E-02                  
        12,        15,        11,  0.2000000    , -0.8881784E-15, -0.1122432    , -0.4114698E-14,  0.6075869E-15, -0.7734025E-15, -0.1122432E-01                  
        12,        16,         1,   0.000000    ,  0.7105427E-14, -0.8576473E-14,  0.1110223E-14, -0.6578939E-15,  0.4085621E-15,  0.2774690E-14                  
        12,        16,         2,  0.2000000E-01,  0.7105427E-14, -0.1122432E-01,  0.1109536E-14, -0.6578939E-15,  0.4751685E-15, -0.1122432E-03                  
        12,        16,         3,  0.4000000E-01,  0.7105427E-14, -0.2244864E-01,  0.1108848E-14, -0.6578939E-15,  0.5417613E-15, -0.4489728E-03                  
        12,        16,         4,  0.6000000E-01,  0.7105427E-14, -0.3367296E-01,  0.1108161E-14, -0.6578939E-15,  0.6083403E-15, -0.1010189E-02                  
        12,        16,         5,  0.8000000E-01,  0.7105427E-14, -0.4489728E-01,  0.1107474E-14, -0.6578939E-15,  0.6749056E-15, -0.1795891E-02                  
        12,        16,         6,  0.1000000    ,  0.7105427E-14, -0.5612160E-01,  0.1106787E-14, -0.6578939E-15,  0.7414571E-15, -0.2806080E-02                  
        12,        16,         7,  0.1200000    ,  0.7105427E-14, -0.6734592E-01,  0.1106099E-14, -0.6578939E-15,  0.8079948E-15, -0.4040755E-02                  
        12,        16,         8,  0.1400000    ,  0.7105427E-14, -0.7857025E-01,  0.1105412E-14, -0.6578939E-15,  0.8745190E-15, -0.5499917E-02                  
        12,        16,         9,  0.1600000    ,  0.7105427E-14, -0.8979456E-01,  0.1104725E-14, -0.6578939E-15,  0.9410293E-15, -0.7183565E-02                  
        12,        16,        10,  0.1800000    ,  0.7105427E-14, -0.1010189    ,  0.1104037E-14, -0.6578939E-15,  0.1007526E-14, -0.9091699E-02                  
        12,        16,        11,  0.2000000    ,  0.7105427E-14, -0.1122432    ,  0.1103350E-14, -0.6578939E-15,  0.1074009E-14, -0.1122432E-01                  
        12,        21,         1,   0.000000    ,  0.1649751    , -0.2362845E-01, -0.1316183E-01,  0.2870031E-02,  0.9717411E-02,  0.4547898                      
        12,        21,         2,  0.1900000    ,  0.1649751    , -0.1302595    , -0.1316183E-01,  0.2870031E-02,  0.7216663E-02,  0.4401705                      
        12,        21,         3,  0.3800000    ,  0.1649751    , -0.2368906    , -0.1316183E-01,  0.2870031E-02,  0.4715915E-02,  0.4052912                      
        12,        21,         4,  0.5700000    ,  0.1649751    , -0.3435216    , -0.1316183E-01,  0.2870031E-02,  0.2215166E-02,  0.3501520                      
        12,        21,         5,  0.7600000    ,  0.1649751    , -0.4501527    , -0.1316183E-01,  0.2870031E-02, -0.2855819E-03,  0.2747530                      
        12,        21,         6,  0.9500000    ,  0.1649751    , -0.5567837    , -0.1316183E-01,  0.2870031E-02, -0.2786330E-02,  0.1790940                      
        12,        21,         7,   1.140000    ,  0.1649751    , -0.6634148    , -0.1316183E-01,  0.2870031E-02, -0.5287079E-02,  0.6317516E-01                  
        12,        21,         8,   1.330000    ,  0.1649751    , -0.7700458    , -0.1316183E-01,  0.2870031E-02, -0.7787826E-02, -0.7300353E-01                  
        12,        21,         9,   1.520000    ,  0.1649751    , -0.8766769    , -0.1316183E-01,  0.2870031E-02, -0.1028857E-01, -0.2294422                      
        12,        21,        10,   1.710000    ,  0.1649751    , -0.9833080    , -0.1316183E-01,  0.2870031E-02, -0.1278932E-01, -0.4061408                      
        12,        21,        11,   1.900000    ,  0.1649751    ,  -1.089939    , -0.1316183E-01,  0.2870031E-02, -0.1529007E-01, -0.6030992                      
        12,        22,         1,   0.000000    ,  0.1873058    , -0.2473412E-01, -0.7219793E-02, -0.4421540E-02,  0.5812338E-02,  0.4605640                      
        12,        22,         2,  0.1900000    ,  0.1873058    , -0.1313652    , -0.7219793E-02, -0.4421540E-02,  0.4440578E-02,  0.4457346                      
        12,        22,         3,  0.3800000    ,  0.1873058    , -0.2379962    , -0.7219793E-02, -0.4421540E-02,  0.3068817E-02,  0.4106452                      
        12,        22,         4,  0.5700000    ,  0.1873058    , -0.3446273    , -0.7219793E-02, -0.4421540E-02,  0.1697056E-02,  0.3552960                      
        12,        22,         5,  0.7600000    ,  0.1873058    , -0.4512584    , -0.7219793E-02, -0.4421540E-02,  0.3252956E-03,  0.2796869                      
        12,        22,         6,  0.9500000    ,  0.1873058    , -0.5578894    , -0.7219793E-02, -0.4421540E-02, -0.1046465E-02,  0.1838178                      
        12,        22,         7,   1.140000    ,  0.1873058    , -0.6645204    , -0.7219793E-02, -0.4421540E-02, -0.2418226E-02,  0.6768890E-01                  
        12,        22,         8,   1.330000    ,  0.1873058    , -0.7711514    , -0.7219793E-02, -0.4421540E-02, -0.3789986E-02, -0.6869987E-01                  
        12,        22,         9,   1.520000    ,  0.1873058    , -0.8777826    , -0.7219793E-02, -0.4421540E-02, -0.5161747E-02, -0.2253486                      
        12,        22,        10,   1.710000    ,  0.1873058    , -0.9844137    , -0.7219793E-02, -0.4421540E-02, -0.6533508E-02, -0.4022573                      
        12,        22,        11,   1.900000    ,  0.1873058    ,  -1.091045    , -0.7219793E-02, -0.4421540E-02, -0.7905268E-02, -0.5994258                      
        13,         5,         1,   0.000000    ,  0.2428623    ,  -1.296957    ,  0.1747378    , -0.5660091E-02, -0.1271511E-01,  0.7194668                      
        13,         5,         2,  0.1900000    ,  0.2428623    ,  -1.164023    ,  0.1315964    , -0.5792616E-02,  0.1638663E-01,  0.4856737                      
        13,         5,         3,  0.3800000    ,  0.2428623    ,  -1.031088    ,  0.8845497E-01, -0.5925141E-02,  0.3729150E-01,  0.2771382                      
        13,         5,         4,  0.5700000    ,  0.2428623    , -0.8981534    ,  0.4531357E-01, -0.6057666E-02,  0.4999951E-01,  0.9386022E-01                  
        13,         5,         5,  0.7600000    ,  0.2428623    , -0.7652189    ,  0.2172153E-02, -0.6190191E-02,  0.5451065E-01, -0.6416014E-01                  
        13,         5,         6,  0.9500000    ,  0.2428623    , -0.6322843    , -0.4096925E-01, -0.6322716E-02,  0.5082492E-01, -0.1969230                      
        13,         5,         7,   1.140000    ,  0.2428623    , -0.4993495    , -0.8411065E-01, -0.6455241E-02,  0.3894233E-01, -0.3044282                      
        13,         5,         8,   1.330000    ,  0.2428623    , -0.3664150    , -0.1272520    , -0.6587766E-02,  0.1886288E-01, -0.3866757                      
        13,         5,         9,   1.520000    ,  0.2428623    , -0.2334803    , -0.1703935    , -0.6720291E-02, -0.9413431E-02, -0.4436659                      
        13,         5,        10,   1.710000    ,  0.2428623    , -0.1005457    , -0.2135349    , -0.6852816E-02, -0.4588666E-01, -0.4753983                      
        13,         5,        11,   1.900000    ,  0.2428623    ,  0.3238899E-01, -0.2566763    , -0.6985341E-02, -0.9055670E-01, -0.4818731                      
        13,         6,         1,   0.000000    , -0.4637247    ,  -1.315932    ,  0.1531538    , -0.2903160E-01,  0.1442155E-01,  0.6868597                      
        13,         6,         2,  0.1900000    , -0.4637247    ,  -1.182997    ,  0.1100124    , -0.2916413E-01,  0.3942233E-01,  0.4494615                      
        13,         6,         3,  0.3800000    , -0.4637247    ,  -1.050062    ,  0.6687097E-01, -0.2929665E-01,  0.5622625E-01,  0.2373209                      
        13,         6,         4,  0.5700000    , -0.4637247    , -0.9171276    ,  0.2372956E-01, -0.2942918E-01,  0.6483328E-01,  0.5043782E-01                  
        13,         6,         5,  0.7600000    , -0.4637247    , -0.7841930    , -0.1941185E-01, -0.2956170E-01,  0.6524348E-01, -0.1111877                      
        13,         6,         6,  0.9500000    , -0.4637247    , -0.6512585    , -0.6255325E-01, -0.2969423E-01,  0.5745679E-01, -0.2475556                      
        13,         6,         7,   1.140000    , -0.4637247    , -0.5183237    , -0.1056947    , -0.2982675E-01,  0.4147324E-01, -0.3586659                      
        13,         6,         8,   1.330000    , -0.4637247    , -0.3853892    , -0.1488360    , -0.2995928E-01,  0.1729284E-01, -0.4445186                      
        13,         6,         9,   1.520000    , -0.4637247    , -0.2524546    , -0.1919775    , -0.3009180E-01, -0.1508445E-01, -0.5051137                      
        13,         6,        10,   1.710000    , -0.4637247    , -0.1195199    , -0.2351189    , -0.3022433E-01, -0.5565863E-01, -0.5404515                      
        13,         6,        11,   1.900000    , -0.4637247    ,  0.1341475E-01, -0.2782603    , -0.3035685E-01, -0.1044296    , -0.5505313                      
        13,        13,         1,   0.000000    ,  0.1421085E-13, -0.1399312    ,  0.4541200E-01,  0.1395000E-03, -0.4541200E-02,  0.1399312E-01                  
        13,        13,         2,  0.2000000E-01,  0.1421085E-13, -0.1259381    ,  0.4087080E-01,  0.1255500E-03, -0.3678372E-02,  0.1133443E-01                  
        13,        13,         3,  0.4000000E-01,  0.1421085E-13, -0.1119450    ,  0.3632960E-01,  0.1116000E-03, -0.2906368E-02,  0.8955596E-02                  
        13,        13,         4,  0.6000000E-01,  0.1421085E-13, -0.9795184E-01,  0.3178840E-01,  0.9765000E-04, -0.2225188E-02,  0.6856628E-02                  
        13,        13,         5,  0.8000000E-01,  0.1421085E-13, -0.8395870E-01,  0.2724720E-01,  0.8370000E-04, -0.1634832E-02,  0.5037523E-02                  
        13,        13,         6,  0.1000000    ,  0.1421085E-13, -0.6996559E-01,  0.2270600E-01,  0.6975000E-04, -0.1135300E-02,  0.3498280E-02                  
        13,        13,         7,  0.1200000    ,  0.1421085E-13, -0.5597247E-01,  0.1816480E-01,  0.5580000E-04, -0.7265920E-03,  0.2238899E-02                  
        13,        13,         8,  0.1400000    ,  0.1421085E-13, -0.4197935E-01,  0.1362360E-01,  0.4185000E-04, -0.4087079E-03,  0.1259381E-02                  
        13,        13,         9,  0.1600000    ,  0.1421085E-13, -0.2798624E-01,  0.9082402E-02,  0.2790000E-04, -0.1816479E-03,  0.5597248E-03                  
        13,        13,        10,  0.1800000    ,  0.1421085E-13, -0.1399312E-01,  0.4541201E-02,  0.1395001E-04, -0.4541215E-04,  0.1399316E-03                  
        13,        13,        11,  0.2000000    ,  0.1421085E-13,  0.2442491E-13, -0.8326673E-13,  0.7489669E-15, -0.5134781E-14,  0.2386980E-14                  
        13,        14,         1,   0.000000    ,   0.000000    , -0.1399312    ,  0.4541200E-01,  0.1395000E-03, -0.4541200E-02,  0.1399312E-01                  
        13,        14,         2,  0.2000000E-01,   0.000000    , -0.1259381    ,  0.4087080E-01,  0.1255500E-03, -0.3678372E-02,  0.1133443E-01                  
        13,        14,         3,  0.4000000E-01,   0.000000    , -0.1119450    ,  0.3632960E-01,  0.1116000E-03, -0.2906368E-02,  0.8955596E-02                  
        13,        14,         4,  0.6000000E-01,   0.000000    , -0.9795184E-01,  0.3178840E-01,  0.9765000E-04, -0.2225188E-02,  0.6856628E-02                  
        13,        14,         5,  0.8000000E-01,   0.000000    , -0.8395870E-01,  0.2724720E-01,  0.8370000E-04, -0.1634832E-02,  0.5037523E-02                  
        13,        14,         6,  0.1000000    ,   0.000000    , -0.6996559E-01,  0.2270600E-01,  0.6975000E-04, -0.1135300E-02,  0.3498280E-02                  
        13,        14,         7,  0.1200000    ,   0.000000    , -0.5597247E-01,  0.1816480E-01,  0.5580000E-04, -0.7265920E-03,  0.2238899E-02                  
        13,        14,         8,  0.1400000    ,   0.000000    , -0.4197935E-01,  0.1362360E-01,  0.4185000E-04, -0.4087079E-03,  0.1259381E-02                  
        13,        14,         9,  0.1600000    ,   0.000000    , -0.2798624E-01,  0.9082402E-02,  0.2790000E-04, -0.1816479E-03,  0.5597248E-03                  
        13,        14,        10,  0.1800000    ,   0.000000    , -0.1399312E-01,  0.4541201E-02,  0.1395001E-04, -0.4541215E-04,  0.1399316E-03                  
        13,        14,        11,  0.2000000    ,   0.000000    ,  0.1998401E-14,  0.1976197E-13, -0.4852889E-15,  0.6494805E-14, -0.1221245E-14                  
        13,        15,         1,   0.000000    ,   0.000000    ,  0.4775347E-13, -0.3748390E-13,  0.3267880E-14,  0.4713027E-14, -0.1544685E-13                  
        13,        15,         2,  0.2000000E-01,   0.000000    ,  0.1399312E-01, -0.4541201E-02, -0.1395000E-04, -0.4541195E-04,  0.1399312E-03                  
        13,        15,         3,  0.4000000E-01,   0.000000    ,  0.2798624E-01, -0.9082401E-02, -0.2790000E-04, -0.1816479E-03,  0.5597247E-03                  
        13,        15,         4,  0.6000000E-01,   0.000000    ,  0.4197935E-01, -0.1362360E-01, -0.4185000E-04, -0.4087079E-03,  0.1259381E-02                  
        13,        15,         5,  0.8000000E-01,   0.000000    ,  0.5597248E-01, -0.1816480E-01, -0.5580000E-04, -0.7265919E-03,  0.2238899E-02                  
        13,        15,         6,  0.1000000    ,   0.000000    ,  0.6996559E-01, -0.2270600E-01, -0.6975000E-04, -0.1135300E-02,  0.3498279E-02                  
        13,        15,         7,  0.1200000    ,   0.000000    ,  0.8395871E-01, -0.2724720E-01, -0.8370000E-04, -0.1634832E-02,  0.5037523E-02                  
        13,        15,         8,  0.1400000    ,   0.000000    ,  0.9795184E-01, -0.3178841E-01, -0.9765000E-04, -0.2225188E-02,  0.6856629E-02                  
        13,        15,         9,  0.1600000    ,   0.000000    ,  0.1119450    , -0.3632960E-01, -0.1116000E-03, -0.2906368E-02,  0.8955595E-02                  
        13,        15,        10,  0.1800000    ,   0.000000    ,  0.1259381    , -0.4087080E-01, -0.1255500E-03, -0.3678371E-02,  0.1133443E-01                  
        13,        15,        11,  0.2000000    ,   0.000000    ,  0.1399312    , -0.4541200E-01, -0.1395000E-03, -0.4541200E-02,  0.1399312E-01                  
        13,        16,         1,   0.000000    , -0.7105427E-14, -0.5984102E-13,  0.9396997E-13,  0.4873367E-14, -0.1123862E-13, -0.2621601E-14                  
        13,        16,         2,  0.2000000E-01, -0.7105427E-14,  0.1399312E-01, -0.4541201E-02, -0.1395000E-04, -0.4541195E-04,  0.1399312E-03                  
        13,        16,         3,  0.4000000E-01, -0.7105427E-14,  0.2798624E-01, -0.9082401E-02, -0.2790000E-04, -0.1816479E-03,  0.5597247E-03                  
        13,        16,         4,  0.6000000E-01, -0.7105427E-14,  0.4197935E-01, -0.1362360E-01, -0.4185000E-04, -0.4087079E-03,  0.1259381E-02                  
        13,        16,         5,  0.8000000E-01, -0.7105427E-14,  0.5597248E-01, -0.1816480E-01, -0.5580000E-04, -0.7265919E-03,  0.2238899E-02                  
        13,        16,         6,  0.1000000    , -0.7105427E-14,  0.6996559E-01, -0.2270600E-01, -0.6975000E-04, -0.1135300E-02,  0.3498279E-02                  
        13,        16,         7,  0.1200000    , -0.7105427E-14,  0.8395871E-01, -0.2724720E-01, -0.8370000E-04, -0.1634832E-02,  0.5037523E-02                  
        13,        16,         8,  0.1400000    , -0.7105427E-14,  0.9795184E-01, -0.3178841E-01, -0.9765000E-04, -0.2225188E-02,  0.6856629E-02                  
        13,        16,         9,  0.1600000    , -0.7105427E-14,  0.1119450    , -0.3632960E-01, -0.1116000E-03, -0.2906368E-02,  0.8955595E-02                  
        13,        16,        10,  0.1800000    , -0.7105427E-14,  0.1259381    , -0.4087080E-01, -0.1255500E-03, -0.3678371E-02,  0.1133443E-01                  
        13,        16,        11,  0.2000000    , -0.7105427E-14,  0.1399312    , -0.4541200E-01, -0.1395000E-03, -0.4541200E-02,  0.1399312E-01                  
        13,        21,         1,   0.000000    ,  0.2428623    , -0.3238899E-01,  0.2566763    ,  0.6985341E-02, -0.9055670E-01, -0.4818731                      
        13,        21,         2,  0.1900000    ,  0.2428623    ,  0.1005457    ,  0.2135348    ,  0.6852816E-02, -0.4588664E-01, -0.4753982                      
        13,        21,         3,  0.3800000    ,  0.2428623    ,  0.2334803    ,  0.1703935    ,  0.6720291E-02, -0.9413452E-02, -0.4436658                      
        13,        21,         4,  0.5700000    ,  0.2428623    ,  0.3664149    ,  0.1272521    ,  0.6587766E-02,  0.1886287E-01, -0.3866757                      
        13,        21,         5,  0.7600000    ,  0.2428623    ,  0.4993496    ,  0.8411065E-01,  0.6455241E-02,  0.3894233E-01, -0.3044281                      
        13,        21,         6,  0.9500000    ,  0.2428623    ,  0.6322842    ,  0.4096925E-01,  0.6322716E-02,  0.5082492E-01, -0.1969229                      
        13,        21,         7,   1.140000    ,  0.2428623    ,  0.7652188    , -0.2172141E-02,  0.6190191E-02,  0.5451065E-01, -0.6416012E-01                  
        13,        21,         8,   1.330000    ,  0.2428623    ,  0.8981535    , -0.4531354E-01,  0.6057666E-02,  0.4999950E-01,  0.9386016E-01                  
        13,        21,         9,   1.520000    ,  0.2428623    ,   1.031088    , -0.8845497E-01,  0.5925141E-02,  0.3729151E-01,  0.2771382                      
        13,        21,        10,   1.710000    ,  0.2428623    ,   1.164023    , -0.1315964    ,  0.5792616E-02,  0.1638659E-01,  0.4856738                      
        13,        21,        11,   1.900000    ,  0.2428623    ,   1.296957    , -0.1747378    ,  0.5660091E-02, -0.1271511E-01,  0.7194668                      
        13,        22,         1,   0.000000    , -0.4637247    , -0.1341475E-01,  0.2782603    ,  0.3035685E-01, -0.1044296    , -0.5505313                      
        13,        22,         2,  0.1900000    , -0.4637247    ,  0.1195199    ,  0.2351189    ,  0.3022433E-01, -0.5565862E-01, -0.5404513                      
        13,        22,         3,  0.3800000    , -0.4637247    ,  0.2524545    ,  0.1919775    ,  0.3009180E-01, -0.1508447E-01, -0.5051137                      
        13,        22,         4,  0.5700000    , -0.4637247    ,  0.3853891    ,  0.1488361    ,  0.2995928E-01,  0.1729281E-01, -0.4445185                      
        13,        22,         5,  0.7600000    , -0.4637247    ,  0.5183238    ,  0.1056947    ,  0.2982675E-01,  0.4147323E-01, -0.3586658                      
        13,        22,         6,  0.9500000    , -0.4637247    ,  0.6512584    ,  0.6255325E-01,  0.2969423E-01,  0.5745679E-01, -0.2475555                      
        13,        22,         7,   1.140000    , -0.4637247    ,  0.7841930    ,  0.1941186E-01,  0.2956170E-01,  0.6524347E-01, -0.1111877                      
        13,        22,         8,   1.330000    , -0.4637247    ,  0.9171277    , -0.2372953E-01,  0.2942918E-01,  0.6483328E-01,  0.5043776E-01                  
        13,        22,         9,   1.520000    , -0.4637247    ,   1.050062    , -0.6687097E-01,  0.2929665E-01,  0.5622624E-01,  0.2373209                      
        13,        22,        10,   1.710000    , -0.4637247    ,   1.182997    , -0.1100124    ,  0.2916413E-01,  0.3942231E-01,  0.4494616                      
        13,        22,        11,   1.900000    , -0.4637247    ,   1.315932    , -0.1531538    ,  0.2903160E-01,  0.1442155E-01,  0.6868597                      
        14,         5,         1,   0.000000    ,  0.7535202    ,   1.135123    ,  0.2578303    , -0.1603490E-01, -0.5529307E-01, -0.6113814                      
        14,         5,         2,  0.1900000    ,  0.7535202    ,   1.026345    ,  0.2023959    , -0.1616743E-01, -0.1157158E-01, -0.4060419                      
        14,         5,         3,  0.3800000    ,  0.7535202    ,  0.9175671    ,  0.1469615    , -0.1629995E-01,  0.2161738E-01, -0.2213703                      
        14,         5,         4,  0.5700000    ,  0.7535202    ,  0.8087890    ,  0.9152708E-01, -0.1643248E-01,  0.4427379E-01, -0.5736643E-01                  
        14,         5,         5,  0.7600000    ,  0.7535202    ,  0.7000110    ,  0.3609267E-01, -0.1656500E-01,  0.5639767E-01,  0.8596957E-01                  
        14,         5,         6,  0.9500000    ,  0.7535202    ,  0.5912329    , -0.1934173E-01, -0.1669753E-01,  0.5798902E-01,  0.2086377                      
        14,         5,         7,   1.140000    ,  0.7535202    ,  0.4824548    , -0.7477614E-01, -0.1683005E-01,  0.4904782E-01,  0.3106381                      
        14,         5,         8,   1.330000    ,  0.7535202    ,  0.3736768    , -0.1302105    , -0.1696258E-01,  0.2957411E-01,  0.3919706                      
        14,         5,         9,   1.520000    ,  0.7535202    ,  0.2648987    , -0.1856450    , -0.1709510E-01, -0.4321623E-03,  0.4526352                      
        14,         5,        10,   1.710000    ,  0.7535202    ,  0.1561207    , -0.2410794    , -0.1722763E-01, -0.4097096E-01,  0.4926322                      
        14,         5,        11,   1.900000    ,  0.7535202    ,  0.4734264E-01, -0.2965137    , -0.1736015E-01, -0.9204232E-01,  0.5119611                      
        14,         6,         1,   0.000000    , -0.8594050E-01,   1.113762    ,  0.2177109    , -0.2548018E-01, -0.5133036E-02, -0.6406980                      
        14,         6,         2,  0.1900000    , -0.8594050E-01,   1.004984    ,  0.1622765    , -0.2561271E-01,  0.3096577E-01, -0.4394171                      
        14,         6,         3,  0.3800000    , -0.8594050E-01,  0.8962057    ,  0.1068421    , -0.2574523E-01,  0.5653203E-01, -0.2588042                      
        14,         6,         4,  0.5700000    , -0.8594050E-01,  0.7874276    ,  0.5140767E-01, -0.2587776E-01,  0.7156576E-01, -0.9885901E-01                  
        14,         6,         5,  0.7600000    , -0.8594050E-01,  0.6786496    , -0.4026742E-02, -0.2601028E-01,  0.7606695E-01,  0.4041832E-01                  
        14,         6,         6,  0.9500000    , -0.8594050E-01,  0.5698715    , -0.5946114E-01, -0.2614281E-01,  0.7003560E-01,  0.1590278                      
        14,         6,         7,   1.140000    , -0.8594050E-01,  0.4610934    , -0.1148956    , -0.2627533E-01,  0.5347173E-01,  0.2569695                      
        14,         6,         8,   1.330000    , -0.8594050E-01,  0.3523154    , -0.1703299    , -0.2640786E-01,  0.2637533E-01,  0.3342433                      
        14,         6,         9,   1.520000    , -0.8594050E-01,  0.2435373    , -0.2257644    , -0.2654038E-01, -0.1125364E-01,  0.3908494                      
        14,         6,        10,   1.710000    , -0.8594050E-01,  0.1347592    , -0.2811988    , -0.2667291E-01, -0.5941515E-01,  0.4267875                      
        14,         6,        11,   1.900000    , -0.8594050E-01,  0.2598122E-01, -0.3366331    , -0.2680543E-01, -0.1181092    ,  0.4420579                      
        14,        13,         1,   0.000000    ,   0.000000    ,  0.1145032    ,  0.5835200E-01,  0.1395000E-03, -0.5835200E-02, -0.1145032E-01                  
        14,        13,         2,  0.2000000E-01,   0.000000    ,  0.1030529    ,  0.5251680E-01,  0.1255500E-03, -0.4726512E-02, -0.9274760E-02                  
        14,        13,         3,  0.4000000E-01,   0.000000    ,  0.9160257E-01,  0.4668160E-01,  0.1116000E-03, -0.3734528E-02, -0.7328206E-02                  
        14,        13,         4,  0.6000000E-01,   0.000000    ,  0.8015225E-01,  0.4084640E-01,  0.9765000E-04, -0.2859248E-02, -0.5610658E-02                  
        14,        13,         5,  0.8000000E-01,   0.000000    ,  0.6870193E-01,  0.3501120E-01,  0.8370000E-04, -0.2100672E-02, -0.4122116E-02                  
        14,        13,         6,  0.1000000    ,   0.000000    ,  0.5725161E-01,  0.2917600E-01,  0.6975000E-04, -0.1458800E-02, -0.2862581E-02                  
        14,        13,         7,  0.1200000    ,   0.000000    ,  0.4580128E-01,  0.2334080E-01,  0.5580000E-04, -0.9336322E-03, -0.1832052E-02                  
        14,        13,         8,  0.1400000    ,   0.000000    ,  0.3435097E-01,  0.1750560E-01,  0.4185000E-04, -0.5251680E-03, -0.1030529E-02                  
        14,        13,         9,  0.1600000    ,   0.000000    ,  0.2290064E-01,  0.1167040E-01,  0.2790000E-04, -0.2334081E-03, -0.4580131E-03                  
        14,        13,        10,  0.1800000    ,   0.000000    ,  0.1145032E-01,  0.5835203E-02,  0.1395001E-04, -0.5835246E-04, -0.1145028E-03                  
        14,        13,        11,  0.2000000    ,   0.000000    ,  0.1360023E-12,  0.2942091E-13,  0.5452236E-14, -0.8007484E-14,  0.1124101E-13                  
        14,        14,         1,   0.000000    ,   0.000000    ,  0.1145032    ,  0.5835200E-01,  0.1395000E-03, -0.5835200E-02, -0.1145032E-01                  
        14,        14,         2,  0.2000000E-01,   0.000000    ,  0.1030529    ,  0.5251680E-01,  0.1255500E-03, -0.4726512E-02, -0.9274760E-02                  
        14,        14,         3,  0.4000000E-01,   0.000000    ,  0.9160257E-01,  0.4668160E-01,  0.1116000E-03, -0.3734528E-02, -0.7328206E-02                  
        14,        14,         4,  0.6000000E-01,   0.000000    ,  0.8015225E-01,  0.4084640E-01,  0.9765000E-04, -0.2859248E-02, -0.5610658E-02                  
        14,        14,         5,  0.8000000E-01,   0.000000    ,  0.6870193E-01,  0.3501120E-01,  0.8370000E-04, -0.2100672E-02, -0.4122116E-02                  
        14,        14,         6,  0.1000000    ,   0.000000    ,  0.5725161E-01,  0.2917600E-01,  0.6975000E-04, -0.1458800E-02, -0.2862581E-02                  
        14,        14,         7,  0.1200000    ,   0.000000    ,  0.4580128E-01,  0.2334080E-01,  0.5580000E-04, -0.9336322E-03, -0.1832052E-02                  
        14,        14,         8,  0.1400000    ,   0.000000    ,  0.3435097E-01,  0.1750560E-01,  0.4185000E-04, -0.5251680E-03, -0.1030529E-02                  
        14,        14,         9,  0.1600000    ,   0.000000    ,  0.2290064E-01,  0.1167040E-01,  0.2790000E-04, -0.2334081E-03, -0.4580131E-03                  
        14,        14,        10,  0.1800000    ,   0.000000    ,  0.1145032E-01,  0.5835203E-02,  0.1395001E-04, -0.5835246E-04, -0.1145028E-03                  
        14,        14,        11,  0.2000000    ,   0.000000    ,  0.5961898E-13, -0.9348078E-13,  0.5726322E-14, -0.1156020E-13,  0.5440093E-14                  
        14,        15,         1,   0.000000    , -0.1421085E-13, -0.4540812E-13,  0.1367309E-13, -0.4809860E-14, -0.2605663E-14, -0.6218333E-14                  
        14,        15,         2,  0.2000000E-01, -0.1421085E-13, -0.1145032E-01, -0.5835200E-02, -0.1395000E-04, -0.5835195E-04, -0.1145032E-03                  
        14,        15,         3,  0.4000000E-01, -0.1421085E-13, -0.2290064E-01, -0.1167040E-01, -0.2790000E-04, -0.2334079E-03, -0.4580129E-03                  
        14,        15,         4,  0.6000000E-01, -0.1421085E-13, -0.3435096E-01, -0.1750560E-01, -0.4185000E-04, -0.5251679E-03, -0.1030529E-02                  
        14,        15,         5,  0.8000000E-01, -0.1421085E-13, -0.4580128E-01, -0.2334080E-01, -0.5580000E-04, -0.9336318E-03, -0.1832051E-02                  
        14,        15,         6,  0.1000000    , -0.1421085E-13, -0.5725160E-01, -0.2917600E-01, -0.6975000E-04, -0.1458800E-02, -0.2862580E-02                  
        14,        15,         7,  0.1200000    , -0.1421085E-13, -0.6870192E-01, -0.3501120E-01, -0.8370000E-04, -0.2100672E-02, -0.4122115E-02                  
        14,        15,         8,  0.1400000    , -0.1421085E-13, -0.8015224E-01, -0.4084640E-01, -0.9765000E-04, -0.2859248E-02, -0.5610657E-02                  
        14,        15,         9,  0.1600000    , -0.1421085E-13, -0.9160256E-01, -0.4668160E-01, -0.1116000E-03, -0.3734528E-02, -0.7328206E-02                  
        14,        15,        10,  0.1800000    , -0.1421085E-13, -0.1030529    , -0.5251680E-01, -0.1255500E-03, -0.4726511E-02, -0.9274759E-02                  
        14,        15,        11,  0.2000000    , -0.1421085E-13, -0.1145032    , -0.5835200E-01, -0.1395000E-03, -0.5835200E-02, -0.1145032E-01                  
        14,        16,         1,   0.000000    ,  0.7105427E-14, -0.1047773E-14,  0.1545639E-13,  0.2139443E-14,  0.3963843E-15, -0.8278751E-14                  
        14,        16,         2,  0.2000000E-01,  0.7105427E-14, -0.1145032E-01, -0.5835200E-02, -0.1395000E-04, -0.5835195E-04, -0.1145032E-03                  
        14,        16,         3,  0.4000000E-01,  0.7105427E-14, -0.2290064E-01, -0.1167040E-01, -0.2790000E-04, -0.2334079E-03, -0.4580129E-03                  
        14,        16,         4,  0.6000000E-01,  0.7105427E-14, -0.3435096E-01, -0.1750560E-01, -0.4185000E-04, -0.5251679E-03, -0.1030529E-02                  
        14,        16,         5,  0.8000000E-01,  0.7105427E-14, -0.4580128E-01, -0.2334080E-01, -0.5580000E-04, -0.9336318E-03, -0.1832051E-02                  
        14,        16,         6,  0.1000000    ,  0.7105427E-14, -0.5725160E-01, -0.2917600E-01, -0.6975000E-04, -0.1458800E-02, -0.2862580E-02                  
        14,        16,         7,  0.1200000    ,  0.7105427E-14, -0.6870192E-01, -0.3501120E-01, -0.8370000E-04, -0.2100672E-02, -0.4122115E-02                  
        14,        16,         8,  0.1400000    ,  0.7105427E-14, -0.8015224E-01, -0.4084640E-01, -0.9765000E-04, -0.2859248E-02, -0.5610657E-02                  
        14,        16,         9,  0.1600000    ,  0.7105427E-14, -0.9160256E-01, -0.4668160E-01, -0.1116000E-03, -0.3734528E-02, -0.7328206E-02                  
        14,        16,        10,  0.1800000    ,  0.7105427E-14, -0.1030529    , -0.5251680E-01, -0.1255500E-03, -0.4726511E-02, -0.9274759E-02                  
        14,        16,        11,  0.2000000    ,  0.7105427E-14, -0.1145032    , -0.5835200E-01, -0.1395000E-03, -0.5835200E-02, -0.1145032E-01                  
        14,        21,         1,   0.000000    ,  0.7535202    , -0.4734264E-01,  0.2965137    ,  0.1736015E-01, -0.9204232E-01,  0.5119611                      
        14,        21,         2,  0.1900000    ,  0.7535202    , -0.1561207    ,  0.2410793    ,  0.1722763E-01, -0.4097098E-01,  0.4926321                      
        14,        21,         3,  0.3800000    ,  0.7535202    , -0.2648987    ,  0.1856449    ,  0.1709510E-01, -0.4321802E-03,  0.4526352                      
        14,        21,         4,  0.5700000    ,  0.7535202    , -0.3736768    ,  0.1302105    ,  0.1696258E-01,  0.2957409E-01,  0.3919705                      
        14,        21,         5,  0.7600000    ,  0.7535202    , -0.4824548    ,  0.7477612E-01,  0.1683005E-01,  0.4904781E-01,  0.3106380                      
        14,        21,         6,  0.9500000    ,  0.7535202    , -0.5912329    ,  0.1934173E-01,  0.1669753E-01,  0.5798900E-01,  0.2086377                      
        14,        21,         7,   1.140000    ,  0.7535202    , -0.7000110    , -0.3609267E-01,  0.1656500E-01,  0.5639767E-01,  0.8596952E-01                  
        14,        21,         8,   1.330000    ,  0.7535202    , -0.8087890    , -0.9152704E-01,  0.1643248E-01,  0.4427379E-01, -0.5736644E-01                  
        14,        21,         9,   1.520000    ,  0.7535202    , -0.9175670    , -0.1469615    ,  0.1629995E-01,  0.2161737E-01, -0.2213703                      
        14,        21,        10,   1.710000    ,  0.7535202    ,  -1.026345    , -0.2023959    ,  0.1616743E-01, -0.1157159E-01, -0.4060420                      
        14,        21,        11,   1.900000    ,  0.7535202    ,  -1.135123    , -0.2578303    ,  0.1603490E-01, -0.5529307E-01, -0.6113814                      
        14,        22,         1,   0.000000    , -0.8594050E-01, -0.2598122E-01,  0.3366331    ,  0.2680543E-01, -0.1181092    ,  0.4420579                      
        14,        22,         2,  0.1900000    , -0.8594050E-01, -0.1347593    ,  0.2811988    ,  0.2667291E-01, -0.5941515E-01,  0.4267876                      
        14,        22,         3,  0.3800000    , -0.8594050E-01, -0.2435374    ,  0.2257643    ,  0.2654038E-01, -0.1125366E-01,  0.3908494                      
        14,        22,         4,  0.5700000    , -0.8594050E-01, -0.3523154    ,  0.1703299    ,  0.2640786E-01,  0.2637530E-01,  0.3342433                      
        14,        22,         5,  0.7600000    , -0.8594050E-01, -0.4610935    ,  0.1148955    ,  0.2627533E-01,  0.5347171E-01,  0.2569695                      
        14,        22,         6,  0.9500000    , -0.8594050E-01, -0.5698715    ,  0.5946113E-01,  0.2614281E-01,  0.7003560E-01,  0.1590278                      
        14,        22,         7,   1.140000    , -0.8594050E-01, -0.6786496    ,  0.4026733E-02,  0.2601028E-01,  0.7606694E-01,  0.4041831E-01                  
        14,        22,         8,   1.330000    , -0.8594050E-01, -0.7874276    , -0.5140765E-01,  0.2587776E-01,  0.7156575E-01, -0.9885896E-01                  
        14,        22,         9,   1.520000    , -0.8594050E-01, -0.8962057    , -0.1068421    ,  0.2574523E-01,  0.5653202E-01, -0.2588042                      
        14,        22,        10,   1.710000    , -0.8594050E-01,  -1.004984    , -0.1622765    ,  0.2561271E-01,  0.3096575E-01, -0.4394172                      
        14,        22,        11,   1.900000    , -0.8594050E-01,  -1.113762    , -0.2177109    ,  0.2548018E-01, -0.5133036E-02, -0.6406980                      
        15,         5,         1,   0.000000    ,  -1.037767    ,  -1.310623    , -0.1783976E-01,  0.5423875E-02,  0.2754102E-01,   1.613558                      
        15,         5,         2,  0.1900000    ,  -1.037767    ,  -1.249546    , -0.1744266E-01,  0.5423875E-02,  0.2418919E-01,   1.370342                      
        15,         5,         3,  0.3800000    ,  -1.037767    ,  -1.188469    , -0.1704556E-01,  0.5423875E-02,  0.2091281E-01,   1.138731                      
        15,         5,         4,  0.5700000    ,  -1.037767    ,  -1.127393    , -0.1664846E-01,  0.5423875E-02,  0.1771188E-01,  0.9187239                      
        15,         5,         5,  0.7600000    ,  -1.037767    ,  -1.066316    , -0.1625136E-01,  0.5423875E-02,  0.1458640E-01,  0.7103215                      
        15,         5,         6,  0.9500000    ,  -1.037767    ,  -1.005240    , -0.1585426E-01,  0.5423875E-02,  0.1153636E-01,  0.5135238                      
        15,         5,         7,   1.140000    ,  -1.037767    , -0.9441629    , -0.1545716E-01,  0.5423875E-02,  0.8561777E-02,  0.3283305                      
        15,         5,         8,   1.330000    ,  -1.037767    , -0.8830863    , -0.1506006E-01,  0.5423875E-02,  0.5662642E-02,  0.1547419                      
        15,         5,         9,   1.520000    ,  -1.037767    , -0.8220096    , -0.1466296E-01,  0.5423875E-02,  0.2838955E-02, -0.7242218E-02                  
        15,         5,        10,   1.710000    ,  -1.037767    , -0.7609330    , -0.1426586E-01,  0.5423875E-02,  0.9071673E-04, -0.1576218                      
        15,         5,        11,   1.900000    ,  -1.037767    , -0.6998563    , -0.1386876E-01,  0.5423875E-02, -0.2582071E-02, -0.2963967                      
        15,         6,         1,   0.000000    ,  -1.039530    ,  -1.270189    , -0.7019337E-01, -0.8244432E-02,  0.1247225    ,   1.534375                      
        15,         6,         2,  0.1900000    ,  -1.039530    ,  -1.209112    , -0.6979626E-01, -0.8244432E-02,  0.1114234    ,   1.298841                      
        15,         6,         3,  0.3800000    ,  -1.039530    ,  -1.148036    , -0.6939916E-01, -0.8244432E-02,  0.9819987E-01,   1.074912                      
        15,         6,         4,  0.5700000    ,  -1.039530    ,  -1.086959    , -0.6900206E-01, -0.8244432E-02,  0.8505175E-01,  0.8625874                      
        15,         6,         5,  0.7600000    ,  -1.039530    ,  -1.025883    , -0.6860497E-01, -0.8244432E-02,  0.7197909E-01,  0.6618674                      
        15,         6,         6,  0.9500000    ,  -1.039530    , -0.9648060    , -0.6820787E-01, -0.8244432E-02,  0.5898187E-01,  0.4727520                      
        15,         6,         7,   1.140000    ,  -1.039530    , -0.9037293    , -0.6781077E-01, -0.8244432E-02,  0.4606010E-01,  0.2952411                      
        15,         6,         8,   1.330000    ,  -1.039530    , -0.8426526    , -0.6741367E-01, -0.8244432E-02,  0.3321378E-01,  0.1293349                      
        15,         6,         9,   1.520000    ,  -1.039530    , -0.7815760    , -0.6701656E-01, -0.8244432E-02,  0.2044291E-01, -0.2496686E-01                  
        15,         6,        10,   1.710000    ,  -1.039530    , -0.7204994    , -0.6661946E-01, -0.8244432E-02,  0.7747483E-02, -0.1676641                      
        15,         6,        11,   1.900000    ,  -1.039530    , -0.6594227    , -0.6622236E-01, -0.8244432E-02, -0.4872486E-02, -0.2987566                      
        15,        13,         1,   0.000000    , -0.1421085E-13, -0.6429119E-01, -0.4180000E-03,  0.1175275E-15,  0.4180000E-04,  0.6429120E-02                  
        15,        13,         2,  0.2000000E-01, -0.1421085E-13, -0.5786208E-01, -0.3762000E-03,  0.1175275E-15,  0.3385800E-04,  0.5207587E-02                  
        15,        13,         3,  0.4000000E-01, -0.1421085E-13, -0.5143295E-01, -0.3344000E-03,  0.1175275E-15,  0.2675200E-04,  0.4114636E-02                  
        15,        13,         4,  0.6000000E-01, -0.1421085E-13, -0.4500384E-01, -0.2926000E-03,  0.1175275E-15,  0.2048200E-04,  0.3150269E-02                  
        15,        13,         5,  0.8000000E-01, -0.1421085E-13, -0.3857472E-01, -0.2508000E-03,  0.1175275E-15,  0.1504800E-04,  0.2314483E-02                  
        15,        13,         6,  0.1000000    , -0.1421085E-13, -0.3214560E-01, -0.2090000E-03,  0.1175275E-15,  0.1045000E-04,  0.1607280E-02                  
        15,        13,         7,  0.1200000    , -0.1421085E-13, -0.2571647E-01, -0.1672000E-03,  0.1175275E-15,  0.6688002E-05,  0.1028659E-02                  
        15,        13,         8,  0.1400000    , -0.1421085E-13, -0.1928735E-01, -0.1254000E-03,  0.1175275E-15,  0.3762001E-05,  0.5786208E-03                  
        15,        13,         9,  0.1600000    , -0.1421085E-13, -0.1285824E-01, -0.8360001E-04,  0.1175275E-15,  0.1672001E-05,  0.2571648E-03                  
        15,        13,        10,  0.1800000    , -0.1421085E-13, -0.6429122E-02, -0.4180002E-04,  0.1175275E-15,  0.4180019E-06,  0.6429100E-04                  
        15,        13,        11,  0.2000000    , -0.1421085E-13,  0.1776357E-13,  0.4485128E-14,  0.1175275E-15,  0.5160911E-13, -0.1644518E-13                  
        15,        14,         1,   0.000000    ,  0.1705303E-12, -0.6429119E-01, -0.4180000E-03, -0.4206704E-16,  0.4180000E-04,  0.6429120E-02                  
        15,        14,         2,  0.2000000E-01,  0.1705303E-12, -0.5786208E-01, -0.3762000E-03, -0.4206704E-16,  0.3385800E-04,  0.5207587E-02                  
        15,        14,         3,  0.4000000E-01,  0.1705303E-12, -0.5143295E-01, -0.3344000E-03, -0.4206704E-16,  0.2675200E-04,  0.4114636E-02                  
        15,        14,         4,  0.6000000E-01,  0.1705303E-12, -0.4500384E-01, -0.2926000E-03, -0.4206704E-16,  0.2048200E-04,  0.3150269E-02                  
        15,        14,         5,  0.8000000E-01,  0.1705303E-12, -0.3857472E-01, -0.2508000E-03, -0.4206704E-16,  0.1504800E-04,  0.2314483E-02                  
        15,        14,         6,  0.1000000    ,  0.1705303E-12, -0.3214560E-01, -0.2090000E-03, -0.4206704E-16,  0.1045000E-04,  0.1607280E-02                  
        15,        14,         7,  0.1200000    ,  0.1705303E-12, -0.2571647E-01, -0.1672000E-03, -0.4206704E-16,  0.6688001E-05,  0.1028659E-02                  
        15,        14,         8,  0.1400000    ,  0.1705303E-12, -0.1928735E-01, -0.1254000E-03, -0.4206704E-16,  0.3762000E-05,  0.5786208E-03                  
        15,        14,         9,  0.1600000    ,  0.1705303E-12, -0.1285824E-01, -0.8360001E-04, -0.4206704E-16,  0.1672000E-05,  0.2571648E-03                  
        15,        14,        10,  0.1800000    ,  0.1705303E-12, -0.6429122E-02, -0.4180002E-04, -0.4206704E-16,  0.4180017E-06,  0.6429100E-04                  
        15,        14,        11,  0.2000000    ,  0.1705303E-12,  0.3685940E-13,  0.6039440E-14, -0.4206704E-16, -0.1003050E-12,  0.7953013E-13                  
        15,        15,         1,   0.000000    ,  0.7958079E-12,  0.3136380E-14, -0.4263218E-14,  0.2857957E-14,  0.9907334E-13, -0.5611418E-13                  
        15,        15,         2,  0.2000000E-01,  0.7958079E-12,  0.6429120E-02,  0.4180000E-04,  0.2857957E-14,  0.4180001E-06,  0.6429119E-04                  
        15,        15,         3,  0.4000000E-01,  0.7958079E-12,  0.1285824E-01,  0.8360000E-04,  0.2857957E-14,  0.1672000E-05,  0.2571648E-03                  
        15,        15,         4,  0.6000000E-01,  0.7958079E-12,  0.1928736E-01,  0.1254000E-03,  0.2857957E-14,  0.3762000E-05,  0.5786207E-03                  
        15,        15,         5,  0.8000000E-01,  0.7958079E-12,  0.2571648E-01,  0.1672000E-03,  0.2857957E-14,  0.6688000E-05,  0.1028659E-02                  
        15,        15,         6,  0.1000000    ,  0.7958079E-12,  0.3214559E-01,  0.2090000E-03,  0.2857957E-14,  0.1045000E-04,  0.1607280E-02                  
        15,        15,         7,  0.1200000    ,  0.7958079E-12,  0.3857471E-01,  0.2508000E-03,  0.2857957E-14,  0.1504800E-04,  0.2314483E-02                  
        15,        15,         8,  0.1400000    ,  0.7958079E-12,  0.4500384E-01,  0.2926000E-03,  0.2857957E-14,  0.2048200E-04,  0.3150268E-02                  
        15,        15,         9,  0.1600000    ,  0.7958079E-12,  0.5143296E-01,  0.3344000E-03,  0.2857957E-14,  0.2675200E-04,  0.4114636E-02                  
        15,        15,        10,  0.1800000    ,  0.7958079E-12,  0.5786207E-01,  0.3762000E-03,  0.2857957E-14,  0.3385800E-04,  0.5207586E-02                  
        15,        15,        11,  0.2000000    ,  0.7958079E-12,  0.6429119E-01,  0.4180000E-03,  0.2857957E-14,  0.4180000E-04,  0.6429120E-02                  
        15,        16,         1,   0.000000    , -0.1406875E-11,  0.2695760E-13,  0.1509941E-14,  0.1428545E-14, -0.4578855E-13,  0.7835616E-13                  
        15,        16,         2,  0.2000000E-01, -0.1406875E-11,  0.6429120E-02,  0.4180000E-04,  0.1428545E-14,  0.4180000E-06,  0.6429119E-04                  
        15,        16,         3,  0.4000000E-01, -0.1406875E-11,  0.1285824E-01,  0.8360000E-04,  0.1428545E-14,  0.1672000E-05,  0.2571648E-03                  
        15,        16,         4,  0.6000000E-01, -0.1406875E-11,  0.1928736E-01,  0.1254000E-03,  0.1428545E-14,  0.3762000E-05,  0.5786207E-03                  
        15,        16,         5,  0.8000000E-01, -0.1406875E-11,  0.2571648E-01,  0.1672000E-03,  0.1428545E-14,  0.6688000E-05,  0.1028659E-02                  
        15,        16,         6,  0.1000000    , -0.1406875E-11,  0.3214559E-01,  0.2090000E-03,  0.1428545E-14,  0.1045000E-04,  0.1607280E-02                  
        15,        16,         7,  0.1200000    , -0.1406875E-11,  0.3857471E-01,  0.2508000E-03,  0.1428545E-14,  0.1504800E-04,  0.2314483E-02                  
        15,        16,         8,  0.1400000    , -0.1406875E-11,  0.4500384E-01,  0.2926000E-03,  0.1428545E-14,  0.2048200E-04,  0.3150268E-02                  
        15,        16,         9,  0.1600000    , -0.1406875E-11,  0.5143296E-01,  0.3344000E-03,  0.1428545E-14,  0.2675200E-04,  0.4114636E-02                  
        15,        16,        10,  0.1800000    , -0.1406875E-11,  0.5786207E-01,  0.3762000E-03,  0.1428545E-14,  0.3385800E-04,  0.5207586E-02                  
        15,        16,        11,  0.2000000    , -0.1406875E-11,  0.6429119E-01,  0.4180000E-03,  0.1428545E-14,  0.4180000E-04,  0.6429120E-02                  
        15,        21,         1,   0.000000    ,  0.8296877    , -0.7286069    , -0.3691428E-02,  0.8367772E-03, -0.6667544E-02, -0.1654895                      
        15,        21,         2,  0.1900000    ,  0.8296877    , -0.6675302    , -0.3294328E-02,  0.8367772E-03, -0.7331191E-02, -0.2981225                      
        15,        21,         3,  0.3800000    ,  0.8296877    , -0.6064537    , -0.2897228E-02,  0.8367772E-03, -0.7919389E-02, -0.4191510                      
        15,        21,         4,  0.5700000    ,  0.8296877    , -0.5453770    , -0.2500128E-02,  0.8367772E-03, -0.8432138E-02, -0.5285749                      
        15,        21,         5,  0.7600000    ,  0.8296877    , -0.4843003    , -0.2103028E-02,  0.8367772E-03, -0.8869438E-02, -0.6263943                      
        15,        21,         6,  0.9500000    ,  0.8296877    , -0.4232237    , -0.1705928E-02,  0.8367772E-03, -0.9231288E-02, -0.7126091                      
        15,        21,         7,   1.140000    ,  0.8296877    , -0.3621471    , -0.1308828E-02,  0.8367772E-03, -0.9517690E-02, -0.7872192                      
        15,        21,         8,   1.330000    ,  0.8296877    , -0.3010705    , -0.9117283E-03,  0.8367772E-03, -0.9728643E-02, -0.8502249                      
        15,        21,         9,   1.520000    ,  0.8296877    , -0.2399938    , -0.5146281E-03,  0.8367772E-03, -0.9864147E-02, -0.9016261                      
        15,        21,        10,   1.710000    ,  0.8296877    , -0.1789172    , -0.1175280E-03,  0.8367772E-03, -0.9924201E-02, -0.9414226                      
        15,        21,        11,   1.900000    ,  0.8296877    , -0.1178406    ,  0.2795719E-03,  0.8367772E-03, -0.9908807E-02, -0.9696146                      
        15,        22,         1,   0.000000    ,  0.8189524    , -0.6870205    , -0.6157967E-01, -0.2783302E-02, -0.6703504E-03, -0.1686862                      
        15,        22,         2,  0.1900000    ,  0.8189524    , -0.6259438    , -0.6118257E-01, -0.2783302E-02, -0.1233276E-01, -0.2934178                      
        15,        22,         3,  0.3800000    ,  0.8189524    , -0.5648673    , -0.6078547E-01, -0.2783302E-02, -0.2391973E-01, -0.4065449                      
        15,        22,         4,  0.5700000    ,  0.8189524    , -0.5037906    , -0.6038837E-01, -0.2783302E-02, -0.3543124E-01, -0.5080674                      
        15,        22,         5,  0.7600000    ,  0.8189524    , -0.4427139    , -0.5999127E-01, -0.2783302E-02, -0.4686731E-01, -0.5979853                      
        15,        22,         6,  0.9500000    ,  0.8189524    , -0.3816373    , -0.5959417E-01, -0.2783302E-02, -0.5822792E-01, -0.6762987                      
        15,        22,         7,   1.140000    ,  0.8189524    , -0.3205607    , -0.5919707E-01, -0.2783302E-02, -0.6951309E-01, -0.7430075                      
        15,        22,         8,   1.330000    ,  0.8189524    , -0.2594841    , -0.5879997E-01, -0.2783302E-02, -0.8072281E-01, -0.7981116                      
        15,        22,         9,   1.520000    ,  0.8189524    , -0.1984074    , -0.5840287E-01, -0.2783302E-02, -0.9185708E-01, -0.8416113                      
        15,        22,        10,   1.710000    ,  0.8189524    , -0.1373307    , -0.5800577E-01, -0.2783302E-02, -0.1029159    , -0.8735065                      
        15,        22,        11,   1.900000    ,  0.8189524    , -0.7625415E-01, -0.5760867E-01, -0.2783302E-02, -0.1138993    , -0.8937971                      
        16,         5,         1,   0.000000    , -0.8388939    ,  0.2346035    ,  0.1913645E-01, -0.2166942E-03,  0.4949810E-02,  0.8310003                      
        16,         5,         2,  0.1900000    , -0.8351073    ,  0.1371685    ,  0.1516545E-01, -0.2166942E-03,  0.8208490E-02,  0.8663186                      
        16,         5,         3,  0.3800000    , -0.8313205    ,  0.3973342E-01,  0.1119445E-01, -0.2166942E-03,  0.1071268E-01,  0.8831243                      
        16,         5,         4,  0.5700000    , -0.8275338    , -0.5770164E-01,  0.7223446E-02, -0.2166942E-03,  0.1246238E-01,  0.8814173                      
        16,         5,         5,  0.7600000    , -0.8237472    , -0.1551367    ,  0.3252446E-02, -0.2166942E-03,  0.1345759E-01,  0.8611977                      
        16,         5,         6,  0.9500000    , -0.8199605    , -0.2525717    , -0.7185541E-03, -0.2166942E-03,  0.1369831E-01,  0.8224654                      
        16,         5,         7,   1.140000    , -0.8161737    , -0.3500068    , -0.4689554E-02, -0.2166942E-03,  0.1318454E-01,  0.7652203                      
        16,         5,         8,   1.330000    , -0.8123870    , -0.4474418    , -0.8660553E-02, -0.2166942E-03,  0.1191628E-01,  0.6894627                      
        16,         5,         9,   1.520000    , -0.8086004    , -0.5448769    , -0.1263155E-01, -0.2166942E-03,  0.9893527E-02,  0.5951925                      
        16,         5,        10,   1.710000    , -0.8048136    , -0.6423120    , -0.1660256E-01, -0.2166942E-03,  0.7116288E-02,  0.4824095                      
        16,         5,        11,   1.900000    , -0.8010269    , -0.7397470    , -0.2057355E-01, -0.2166942E-03,  0.3584556E-02,  0.3511140                      
        16,         6,         1,   0.000000    , -0.8710526    ,  0.2779990    , -0.4759836E-01, -0.4151188E-02,  0.1223568    ,  0.7497904                      
        16,         6,         2,  0.1900000    , -0.8672659    ,  0.1805639    , -0.5156936E-01, -0.4151188E-02,  0.1129359    ,  0.7933539                      
        16,         6,         3,  0.3800000    , -0.8634791    ,  0.8312885E-01, -0.5554036E-01, -0.4151188E-02,  0.1027605    ,  0.8184047                      
        16,         6,         4,  0.5700000    , -0.8596925    , -0.1430621E-01, -0.5951136E-01, -0.4151188E-02,  0.9183056E-01,  0.8249429                      
        16,         6,         5,  0.7600000    , -0.8559058    , -0.1117413    , -0.6348236E-01, -0.4151188E-02,  0.8014616E-01,  0.8129684                      
        16,         6,         6,  0.9500000    , -0.8521191    , -0.2091763    , -0.6745336E-01, -0.4151188E-02,  0.6770726E-01,  0.7824812                      
        16,         6,         7,   1.140000    , -0.8483323    , -0.3066114    , -0.7142437E-01, -0.4151188E-02,  0.5451388E-01,  0.7334814                      
        16,         6,         8,   1.330000    , -0.8445457    , -0.4040464    , -0.7539536E-01, -0.4151188E-02,  0.4056601E-01,  0.6659689                      
        16,         6,         9,   1.520000    , -0.8407590    , -0.5014815    , -0.7936636E-01, -0.4151188E-02,  0.2586364E-01,  0.5799438                      
        16,         6,        10,   1.710000    , -0.8369722    , -0.5989166    , -0.8333736E-01, -0.4151188E-02,  0.1040678E-01,  0.4754060                      
        16,         6,        11,   1.900000    , -0.8331856    , -0.6963516    , -0.8730836E-01, -0.4151188E-02, -0.5804557E-02,  0.3523555                      
        16,        13,         1,   0.000000    , -0.3986000E-02,  0.1025632    ,  0.4180000E-02, -0.2110725E-14, -0.4180000E-03, -0.1025632E-01                  
        16,        13,         2,  0.2000000E-01, -0.3587400E-02,  0.9230689E-01,  0.3762000E-02, -0.2110725E-14, -0.3385800E-03, -0.8307621E-02                  
        16,        13,         3,  0.4000000E-01, -0.3188800E-02,  0.8205057E-01,  0.3344000E-02, -0.2110725E-14, -0.2675200E-03, -0.6564046E-02                  
        16,        13,         4,  0.6000000E-01, -0.2790200E-02,  0.7179425E-01,  0.2926000E-02, -0.2110725E-14, -0.2048200E-03, -0.5025597E-02                  
        16,        13,         5,  0.8000000E-01, -0.2391600E-02,  0.6153793E-01,  0.2508000E-02, -0.2110725E-14, -0.1504800E-03, -0.3692276E-02                  
        16,        13,         6,  0.1000000    , -0.1993000E-02,  0.5128160E-01,  0.2090000E-02, -0.2110725E-14, -0.1045000E-03, -0.2564081E-02                  
        16,        13,         7,  0.1200000    , -0.1594400E-02,  0.4102528E-01,  0.1672000E-02, -0.2110725E-14, -0.6688001E-04, -0.1641012E-02                  
        16,        13,         8,  0.1400000    , -0.1195800E-02,  0.3076896E-01,  0.1254000E-02, -0.2110725E-14, -0.3762000E-04, -0.9230691E-03                  
        16,        13,         9,  0.1600000    , -0.7972001E-03,  0.2051264E-01,  0.8360001E-03, -0.2110725E-14, -0.1672002E-04, -0.4102529E-03                  
        16,        13,        10,  0.1800000    , -0.3986002E-03,  0.1025632E-01,  0.4180002E-03, -0.2110725E-14, -0.4180011E-05, -0.1025631E-03                  
        16,        13,        11,  0.2000000    ,  0.1762201E-12, -0.2386980E-13, -0.8049117E-15, -0.2110725E-14, -0.1152273E-12, -0.1032507E-13                  
        16,        14,         1,   0.000000    , -0.3986000E-02,  0.1025632    ,  0.4180000E-02, -0.3081303E-14, -0.4180000E-03, -0.1025632E-01                  
        16,        14,         2,  0.2000000E-01, -0.3587400E-02,  0.9230689E-01,  0.3762000E-02, -0.3081303E-14, -0.3385800E-03, -0.8307621E-02                  
        16,        14,         3,  0.4000000E-01, -0.3188800E-02,  0.8205057E-01,  0.3344000E-02, -0.3081303E-14, -0.2675200E-03, -0.6564046E-02                  
        16,        14,         4,  0.6000000E-01, -0.2790200E-02,  0.7179425E-01,  0.2926000E-02, -0.3081303E-14, -0.2048200E-03, -0.5025597E-02                  
        16,        14,         5,  0.8000000E-01, -0.2391600E-02,  0.6153793E-01,  0.2508000E-02, -0.3081303E-14, -0.1504800E-03, -0.3692276E-02                  
        16,        14,         6,  0.1000000    , -0.1993000E-02,  0.5128160E-01,  0.2090000E-02, -0.3081303E-14, -0.1045000E-03, -0.2564081E-02                  
        16,        14,         7,  0.1200000    , -0.1594400E-02,  0.4102528E-01,  0.1672000E-02, -0.3081303E-14, -0.6688001E-04, -0.1641012E-02                  
        16,        14,         8,  0.1400000    , -0.1195800E-02,  0.3076896E-01,  0.1254000E-02, -0.3081303E-14, -0.3762000E-04, -0.9230691E-03                  
        16,        14,         9,  0.1600000    , -0.7972001E-03,  0.2051264E-01,  0.8360001E-03, -0.3081303E-14, -0.1672002E-04, -0.4102529E-03                  
        16,        14,        10,  0.1800000    , -0.3986002E-03,  0.1025632E-01,  0.4180002E-03, -0.3081303E-14, -0.4180011E-05, -0.1025631E-03                  
        16,        14,        11,  0.2000000    , -0.3637923E-12, -0.3341771E-13,  0.3191891E-14, -0.3081303E-14, -0.1760328E-12,  0.1117439E-12                  
        16,        15,         1,   0.000000    ,  0.1699619E-11,  0.1739581E-13, -0.1421172E-14,  0.3517152E-15,  0.8584096E-13,  0.9810295E-14                  
        16,        15,         2,  0.2000000E-01,  0.3986000E-03, -0.1025632E-01, -0.4180000E-03,  0.3517152E-15, -0.4180000E-05, -0.1025632E-03                  
        16,        15,         3,  0.4000000E-01,  0.7972000E-03, -0.2051264E-01, -0.8360000E-03,  0.3517152E-15, -0.1672000E-04, -0.4102528E-03                  
        16,        15,         4,  0.6000000E-01,  0.1195800E-02, -0.3076896E-01, -0.1254000E-02,  0.3517152E-15, -0.3762000E-04, -0.9230688E-03                  
        16,        15,         5,  0.8000000E-01,  0.1594400E-02, -0.4102528E-01, -0.1672000E-02,  0.3517152E-15, -0.6688000E-04, -0.1641011E-02                  
        16,        15,         6,  0.1000000    ,  0.1993000E-02, -0.5128160E-01, -0.2090000E-02,  0.3517152E-15, -0.1045000E-03, -0.2564080E-02                  
        16,        15,         7,  0.1200000    ,  0.2391600E-02, -0.6153793E-01, -0.2508000E-02,  0.3517152E-15, -0.1504800E-03, -0.3692275E-02                  
        16,        15,         8,  0.1400000    ,  0.2790200E-02, -0.7179424E-01, -0.2926000E-02,  0.3517152E-15, -0.2048200E-03, -0.5025597E-02                  
        16,        15,         9,  0.1600000    ,  0.3188800E-02, -0.8205056E-01, -0.3344000E-02,  0.3517152E-15, -0.2675200E-03, -0.6564045E-02                  
        16,        15,        10,  0.1800000    ,  0.3587400E-02, -0.9230687E-01, -0.3762000E-02,  0.3517152E-15, -0.3385800E-03, -0.8307619E-02                  
        16,        15,        11,  0.2000000    ,  0.3986000E-02, -0.1025632    , -0.4180000E-02,  0.3517152E-15, -0.4180000E-03, -0.1025632E-01                  
        16,        16,         1,   0.000000    ,  0.6018302E-12,  0.1199041E-13, -0.1865261E-14,  0.2565222E-14,  0.5225005E-13,  0.2733404E-13                  
        16,        16,         2,  0.2000000E-01,  0.3986000E-03, -0.1025632E-01, -0.4180000E-03,  0.2565222E-14, -0.4180000E-05, -0.1025632E-03                  
        16,        16,         3,  0.4000000E-01,  0.7972000E-03, -0.2051264E-01, -0.8360000E-03,  0.2565222E-14, -0.1672000E-04, -0.4102528E-03                  
        16,        16,         4,  0.6000000E-01,  0.1195800E-02, -0.3076896E-01, -0.1254000E-02,  0.2565222E-14, -0.3762000E-04, -0.9230688E-03                  
        16,        16,         5,  0.8000000E-01,  0.1594400E-02, -0.4102528E-01, -0.1672000E-02,  0.2565222E-14, -0.6688000E-04, -0.1641011E-02                  
        16,        16,         6,  0.1000000    ,  0.1993000E-02, -0.5128160E-01, -0.2090000E-02,  0.2565222E-14, -0.1045000E-03, -0.2564080E-02                  
        16,        16,         7,  0.1200000    ,  0.2391600E-02, -0.6153793E-01, -0.2508000E-02,  0.2565222E-14, -0.1504800E-03, -0.3692275E-02                  
        16,        16,         8,  0.1400000    ,  0.2790200E-02, -0.7179424E-01, -0.2926000E-02,  0.2565222E-14, -0.2048200E-03, -0.5025597E-02                  
        16,        16,         9,  0.1600000    ,  0.3188800E-02, -0.8205056E-01, -0.3344000E-02,  0.2565222E-14, -0.2675200E-03, -0.6564045E-02                  
        16,        16,        10,  0.1800000    ,  0.3587400E-02, -0.9230687E-01, -0.3762000E-02,  0.2565222E-14, -0.3385800E-03, -0.8307619E-02                  
        16,        16,        11,  0.2000000    ,  0.3986000E-02, -0.1025632    , -0.4180000E-02,  0.2565222E-14, -0.4180000E-03, -0.1025632E-01                  
        16,        21,         1,   0.000000    ,   1.184637    , -0.7901893    ,  0.1446594E-03,  0.6894222E-02, -0.7973328E-03,  0.4903094                      
        16,        21,         2,  0.1900000    ,   1.188424    , -0.8876243    , -0.3826340E-02,  0.6894222E-02, -0.1147093E-02,  0.3309171                      
        16,        21,         3,  0.3800000    ,   1.192210    , -0.9850593    , -0.7797340E-02,  0.6894222E-02, -0.2251342E-02,  0.1530121                      
        16,        21,         4,  0.5700000    ,   1.195997    ,  -1.082494    , -0.1176834E-01,  0.6894222E-02, -0.4110082E-02, -0.4340552E-01                  
        16,        21,         5,  0.7600000    ,   1.199784    ,  -1.179929    , -0.1573934E-01,  0.6894222E-02, -0.6723311E-02, -0.2583358                      
        16,        21,         6,  0.9500000    ,   1.203570    ,  -1.277365    , -0.1971034E-01,  0.6894222E-02, -0.1009103E-01, -0.4917787                      
        16,        21,         7,   1.140000    ,   1.207357    ,  -1.374800    , -0.2368134E-01,  0.6894222E-02, -0.1421324E-01, -0.7437344                      
        16,        21,         8,   1.330000    ,   1.211144    ,  -1.472235    , -0.2765234E-01,  0.6894222E-02, -0.1908994E-01,  -1.014203                      
        16,        21,         9,   1.520000    ,   1.214931    ,  -1.569670    , -0.3162334E-01,  0.6894222E-02, -0.2472113E-01,  -1.303183                      
        16,        21,        10,   1.710000    ,   1.218717    ,  -1.667105    , -0.3559434E-01,  0.6894222E-02, -0.3110681E-01,  -1.610677                      
        16,        21,        11,   1.900000    ,   1.222504    ,  -1.764540    , -0.3956534E-01,  0.6894222E-02, -0.3824698E-01,  -1.936683                      
        16,        22,         1,   0.000000    ,   1.139800    , -0.7455308    , -0.5149201E-01, -0.7559121E-02, -0.1297279E-02,  0.4904394                      
        16,        22,         2,  0.1900000    ,   1.143586    , -0.8429658    , -0.5546301E-01, -0.7559121E-02, -0.1145801E-01,  0.3395322                      
        16,        22,         3,  0.3800000    ,   1.147373    , -0.9404008    , -0.5943401E-01, -0.7559121E-02, -0.2237322E-01,  0.1701124                      
        16,        22,         4,  0.5700000    ,   1.151160    ,  -1.037836    , -0.6340501E-01, -0.7559121E-02, -0.3404293E-01, -0.1782012E-01                  
        16,        22,         5,  0.7600000    ,   1.154947    ,  -1.135271    , -0.6737601E-01, -0.7559121E-02, -0.4646713E-01, -0.2242653                      
        16,        22,         6,  0.9500000    ,   1.158733    ,  -1.232706    , -0.7134701E-01, -0.7559121E-02, -0.5964581E-01, -0.4492231                      
        16,        22,         7,   1.140000    ,   1.162520    ,  -1.330141    , -0.7531802E-01, -0.7559121E-02, -0.7357899E-01, -0.6926936                      
        16,        22,         8,   1.330000    ,   1.166307    ,  -1.427576    , -0.7928901E-01, -0.7559121E-02, -0.8826665E-01, -0.9546767                      
        16,        22,         9,   1.520000    ,   1.170093    ,  -1.525011    , -0.8326001E-01, -0.7559121E-02, -0.1037088    ,  -1.235172                      
        16,        22,        10,   1.710000    ,   1.173880    ,  -1.622446    , -0.8723102E-01, -0.7559121E-02, -0.1199055    ,  -1.534181                      
        16,        22,        11,   1.900000    ,   1.177667    ,  -1.719881    , -0.9120201E-01, -0.7559121E-02, -0.1368566    ,  -1.851702                      
         0,         0,         0,   0.000000    ,   0.000000    ,   0.000000    ,   0.000000    ,   0.000000    ,   0.000000    ,   0.000000    
BUCKLING LOAD FACTORS
        11,         1, ,   53.05078    ,  0.7812500E-02,        19,        16,X,         1,Y
        12,         1, ,   22.33984    ,  0.7812500E-02,        17,        13,X,         3,Y
        13,         1, ,   85.38672    ,  0.7812500E-02,        21,        21,Y,         1,Z
        14,         1, ,   16.56641    ,  0.7812500E-02,        17,         6,X,         5,Y
        15,         1, ,   50.02734    ,  0.7812500E-02,        19,        17,X,        14,Z
        16,         1, ,   25.48047    ,  0.7812500E-02,        17,         6,X,         5,Y
         0,         0, ,   0.000000    ,   0.000000    ,         0,         0, ,         0, 
BUCKLING EFFECTIVE LENGTHS
        11,         1,         5,   1.807489    ,   1.900000    ,   6.772013    ,   21.07872
        11,         1,         6,   2.104919    ,   1.900000    ,   6.275349    ,   19.53279
        11,         1,        13,  0.9423712E-13,  0.2000000    ,  0.2965819E+08,  0.9231474E+08
        11,         1,        14, -0.8098502E-13,  0.2000000    , Not in compression
        11,         1,        15, -0.5300838E-13,  0.2000000    , Not in compression
        11,         1,        16,  0.7067784E-13,  0.2000000    ,  0.3424632E+08,  0.1065959E+09
        11,         1,        21,   1.807489    ,   1.900000    ,   6.772013    ,   21.07872
        11,         1,        22,   2.104919    ,   1.900000    ,   6.275349    ,   19.53279
        12,         1,         5,   3.685517    ,   1.900000    ,   4.742489    ,   14.76158
        12,         1,         6,   4.184382    ,   1.900000    ,   4.450819    ,   13.85372
        12,         1,        13,  0.1984177E-12,  0.2000000    ,  0.2043927E+08,  0.6361974E+08
        12,         1,        14, -0.1488133E-12,  0.2000000    , Not in compression
        12,         1,        15,  0.1984177E-12,  0.2000000    ,  0.2043927E+08,  0.6361974E+08
        12,         1,        16,  0.3968353E-13,  0.2000000    ,  0.4570360E+08,  0.1422580E+09
        12,         1,        21,   3.685517    ,   1.900000    ,   4.742489    ,   14.76158
        12,         1,        22,   4.184382    ,   1.900000    ,   4.450819    ,   13.85372
        13,         1,         5,   20.73721    ,   1.900000    ,   1.999311    ,   6.223102
        13,         1,         6,  -39.59593    ,   1.900000    , Not in compression
        13,         1,        13,   0.000000    ,  0.2000000    , Not in compression
        13,         1,        14,  0.2426837E-11,  0.2000000    ,   5844338.    ,  0.1819122E+08
        13,         1,        15, -0.2426837E-11,  0.2000000    , Not in compression
        13,         1,        16, -0.1820127E-11,  0.2000000    , Not in compression
        13,         1,        21,   20.73721    ,   1.900000    ,   1.999311    ,   6.223102
        13,         1,        22,  -39.59593    ,   1.900000    , Not in compression
        14,         1,         5,   12.48312    ,   1.900000    ,   2.576879    ,   8.020851
        14,         1,         6,  -1.423725    ,   1.900000    , Not in compression
        14,         1,        13,  0.2354228E-12,  0.2000000    ,  0.1876426E+08,  0.5840605E+08
        14,         1,        14,   0.000000    ,  0.2000000    , Not in compression
        14,         1,        15, -0.2354228E-12,  0.2000000    , Not in compression
        14,         1,        16,   0.000000    ,  0.2000000    , Not in compression
        14,         1,        21,   12.48312    ,   1.900000    ,   2.576879    ,   8.020851
        14,         1,        22,  -1.423725    ,   1.900000    , Not in compression
        15,         1,         5,  -51.91671    ,   1.900000    , Not in compression
        15,         1,         6,  -52.00491    ,   1.900000    , Not in compression
        15,         1,        13, -0.1533834E-09,  0.2000000    , Not in compression
        15,         1,        14, -0.3981215E-10,  0.2000000    , Not in compression
        15,         1,        15,  0.7109313E-10,  0.2000000    ,   1079796.    ,   3360998.
        15,         1,        16,  0.3998989E-10,  0.2000000    ,   1439728.    ,   4481330.
        15,         1,        21,   41.50707    ,   1.900000    ,   1.413170    ,   4.398666
        15,         1,        22,   40.97001    ,   1.900000    ,   1.422403    ,   4.427402
        16,         1,         5,  -20.41054    ,   1.900000    , Not in compression
        16,         1,         6,  -21.22996    ,   1.900000    , Not in compression
        16,         1,        13, -0.2389813E-11,  0.2000000    , Not in compression
        16,         1,        14,  0.4359679E-10,  0.2000000    ,   1378886.    ,   4291952.
        16,         1,        15,  0.1015651    ,  0.2000000    ,   28.56822    ,   88.92210
        16,         1,        16,  0.1015651    ,  0.2000000    ,   28.56822    ,   88.92210
        16,         1,        21,   31.14997    ,   1.900000    ,   1.631274    ,   5.077538
        16,         1,        22,   30.00750    ,   1.900000    ,   1.662037    ,   5.173294
         0,         0,         0,   0.000000    ,   0.000000    ,   0.000000    ,   0.000000    
STEELMEMBERS
         1,"Rafter 1","13,21,5,16",N,R,C,AG  ,Y,   1.000000    ,N,Y,   1.000000    ,N,Y,   1.000000    ,   1.000000    ,"",FF,"",FF, ,C,Y,W,   0,   20.00000    ,0,0,0,0
END
